                  epoch,         train/box_loss,         train/seg_loss,         train/cls_loss,         train/dfl_loss,   metrics/precision(B),      metrics/recall(B),       metrics/mAP50(B),    metrics/mAP50-95(B),   metrics/precision(M),      metrics/recall(M),       metrics/mAP50(M),    metrics/mAP50-95(M),           val/box_loss,           val/seg_loss,           val/cls_loss,           val/dfl_loss,                 lr/pg0,                 lr/pg1,                 lr/pg2
                      1,                 3.3497,                 5.4919,                  3.304,                 4.1627,                0.01329,                0.66246,                0.01185,                0.00384,                0.00171,                0.08517,                0.00093,                0.00014,                 2.9716,                 5.1787,                  3.504,                 4.1454,                0.00038,                0.00038,                0.00038
                      2,                 2.5531,                 3.4742,                 2.0551,                 3.6241,                0.00511,                0.01998,                0.00259,                 0.0005,                      0,                      0,                      0,                      0,                    nan,                    nan,                    nan,                    nan,              0.0007787,              0.0007787,              0.0007787
                      3,                 1.8909,                 2.9283,                 1.4781,                 2.8704,                0.00949,                0.47319,                0.00784,                0.00236,                0.00044,                0.02208,                0.00024,                  3e-05,                    nan,                    nan,                    nan,                    nan,              0.0011761,              0.0011761,              0.0011761
                      4,                  1.647,                 2.2175,                 1.2796,                 2.4998,                0.01817,                0.63407,                0.01538,                0.00533,                0.00491,                0.22292,                0.00309,                0.00123,                    nan,                    nan,                    nan,                    nan,              0.0015721,              0.0015721,              0.0015721
                      5,                 1.5617,                 1.7718,                 1.2038,                 2.3388,                0.00187,                0.09148,                0.00103,                0.00054,                0.00169,                0.08307,                0.00093,                 0.0005,                    nan,                    nan,                    nan,                    nan,              0.0019668,              0.0019668,              0.0019668
                      6,                 1.3459,                 1.2816,                 1.0504,                  2.099,                0.37267,                0.81493,                0.46101,                0.27832,                0.28948,                0.63302,                0.28186,                0.12273,                 1.3977,                 76.858,                 10.244,                 2.7171,              0.0019834,              0.0019834,              0.0019834
                      7,                 1.1481,                 1.2165,                0.92959,                 1.8922,                0.77224,                0.69506,                0.73611,                 0.4481,                0.69003,                0.65195,                0.62813,                0.29558,                 1.4517,                 5.2852,                 1.8106,                 2.4234,              0.0019834,              0.0019834,              0.0019834
                      8,                 1.2228,                0.86746,                0.91034,                 1.8934,                0.79272,                0.84122,                0.88645,                0.60755,                0.76742,                0.81493,                0.84217,                0.47484,                  1.141,                 2.1263,                 1.3281,                 2.1142,                0.00198,                0.00198,                0.00198
                      9,                 1.0087,                0.75972,                0.80653,                 1.6766,                0.82047,                0.69401,                0.75566,                0.56642,                0.82103,                 0.6919,                0.75413,                0.56582,                 1.0719,                 1.3415,                 1.7316,                  1.914,              0.0019767,              0.0019767,              0.0019767
                     10,                0.98113,                0.70293,                0.78909,                 1.6069,                 0.8622,                0.84017,                0.89985,                0.66131,                0.86374,                0.83982,                0.89919,                0.71329,                 1.0447,                0.79442,                 1.1698,                  1.891,              0.0019734,              0.0019734,              0.0019734
                     11,                0.89389,                0.64726,                  0.722,                 1.5026,                0.83268,                0.86435,                0.91259,                0.71469,                0.82291,                0.87171,                0.91065,                0.77278,                0.86146,                0.65949,                 1.2822,                  1.631,                0.00197,                0.00197,                0.00197
                     12,                0.82147,                0.61452,                0.66082,                 1.4308,                0.90345,                0.92534,                0.96205,                0.78921,                0.90738,                0.92715,                0.96242,                0.83775,                0.75536,                0.56352,                0.81514,                 1.4637,              0.0019667,              0.0019667,              0.0019667
                     13,                0.78944,                0.64642,                0.65757,                  1.394,                0.84117,                0.89105,                0.92317,                0.75679,                0.84752,                0.88839,                0.91782,                0.74468,                0.76877,                 1.1635,                 1.3952,                 1.5029,              0.0019634,              0.0019634,              0.0019634
                     14,                0.71793,                0.61528,                0.62591,                 1.3185,                 0.9113,                0.90742,                0.94923,                0.80432,                0.91479,                0.90116,                0.94757,                0.81576,                0.64319,                0.67384,                0.73031,                 1.3407,                0.00196,                0.00196,                0.00196
                     15,                0.65911,                0.50614,                0.59372,                 1.2628,                0.93915,                 0.9327,                0.97631,                0.83158,                0.93335,                0.94006,                0.97764,                0.87386,                0.64647,                 0.4315,                0.57998,                 1.3214,              0.0019567,              0.0019567,              0.0019567
                     16,                0.67483,                0.50215,                0.57388,                 1.2536,                0.91667,                0.90011,                0.95885,                0.82969,                0.92202,                0.90536,                0.96107,                0.88507,                0.59344,                0.39689,                0.55932,                 1.2485,              0.0019534,              0.0019534,              0.0019534
                     17,                0.67403,                0.48648,                0.55784,                 1.2273,                0.92855,                0.92924,                0.97458,                0.80501,                 0.9296,                 0.9303,                0.97407,                0.88625,                0.71741,                0.40577,                0.55206,                 1.3721,              0.0019501,              0.0019501,              0.0019501
                     18,                0.65579,                0.50625,                0.55877,                 1.2225,                0.87986,                0.89329,                0.94543,                0.82045,                0.87779,                0.89119,                0.94421,                0.85306,                0.58753,                0.50822,                0.56077,                 1.2465,              0.0019467,              0.0019467,              0.0019467
                     19,                0.58959,                 0.4641,                0.52912,                 1.1576,                0.88923,                0.81178,                0.91129,                0.79733,                0.83715,                0.85947,                0.91353,                0.79423,                0.60508,                0.74596,                0.62224,                 1.2683,              0.0019434,              0.0019434,              0.0019434
                     20,                0.61343,                0.45678,                0.52818,                 1.1769,                 0.9089,                0.91483,                0.96267,                0.83676,                0.90489,                0.94037,                 0.9663,                0.87961,                 0.5529,                0.39595,                 0.5688,                 1.1773,              0.0019401,              0.0019401,              0.0019401
                     21,                0.62457,                0.45889,                0.51981,                 1.1678,                0.87206,                0.93892,                0.95918,                0.84993,                0.87304,                0.93998,                0.95898,                0.89667,                0.50852,                0.36736,                  0.606,                 1.1393,              0.0019367,              0.0019367,              0.0019367
                     22,                0.57275,                0.48289,                 0.5068,                 1.1243,                0.93824,                0.92324,                0.96758,                 0.8605,                0.93902,                0.92324,                0.96793,                0.90489,                 0.5176,                0.38919,                0.47062,                  1.156,              0.0019334,              0.0019334,              0.0019334
                     23,                0.59568,                0.42499,                0.51061,                 1.1468,                0.90649,                0.94427,                 0.9634,                0.85339,                0.91062,                0.94271,                 0.9642,                0.89131,                0.53137,                0.35667,                 0.5075,                 1.1811,              0.0019301,              0.0019301,              0.0019301
                     24,                0.60114,                0.41852,                0.49543,                 1.1577,                0.91771,                 0.9306,                0.96153,                0.85005,                0.92006,                0.93375,                0.96303,                0.88504,                0.52167,                0.40171,                0.50819,                 1.1489,              0.0019267,              0.0019267,              0.0019267
                     25,                0.56331,                0.40303,                 0.4849,                 1.1175,                0.91654,                0.93533,                0.96166,                0.87122,                0.90734,                0.94742,                0.96286,                0.89539,                0.47616,                0.33918,                0.46047,                  1.089,              0.0019234,              0.0019234,              0.0019234
                     26,                0.53461,                0.41044,                0.48042,                 1.0874,                0.93336,                0.95735,                0.97609,                 0.8963,                0.93331,                0.95658,                0.97635,                0.91511,                0.41111,                0.27592,                0.44335,                 1.0324,              0.0019201,              0.0019201,              0.0019201
                     27,                0.52001,                0.45018,                0.47855,                 1.0775,                0.94183,                0.95337,                0.98155,                0.88483,                0.94287,                0.95442,                0.98175,                0.89165,                0.46228,                0.44069,                0.44535,                 1.0704,              0.0019168,              0.0019168,              0.0019168
                     28,                0.51057,                 0.4419,                 0.4569,                 1.0661,                0.93532,                0.95792,                0.97959,                0.90253,                 0.9337,                0.96109,                0.98028,                0.91899,                0.41908,                 0.3663,                0.40772,                 1.0299,              0.0019134,              0.0019134,              0.0019134
                     29,                0.49691,                 0.4459,                0.45724,                 1.0526,                0.93384,                0.94742,                0.97096,                0.87895,                0.93684,                0.94637,                0.97134,                0.88917,                0.45957,                0.41177,                0.45155,                 1.0807,              0.0019101,              0.0019101,              0.0019101
                     30,                  0.482,                0.40487,                 0.4492,                 1.0485,                0.95377,                0.94322,                0.97858,                0.88285,                0.95386,                0.94322,                0.97873,                 0.9239,                0.45994,                0.32403,                0.39807,                 1.0893,              0.0019068,              0.0019068,              0.0019068
                     31,                0.44876,                0.38031,                0.44057,                 1.0277,                0.94805,                0.95163,                 0.9829,                0.91492,                0.95022,                0.95373,                 0.9835,                 0.9428,                0.39714,                0.25624,                 0.3822,                  1.001,              0.0019034,              0.0019034,              0.0019034
                     32,                0.46507,                0.45686,                 0.4451,                 1.0294,                0.89052,                0.91523,                0.94473,                0.86554,                0.89421,                 0.9155,                0.94406,                0.84907,                0.42538,                0.67143,                0.49508,                 1.0336,              0.0019001,              0.0019001,              0.0019001
                     33,                0.47791,                0.41517,                0.43804,                 1.0395,                0.89828,                 0.9472,                0.95161,                0.85692,                0.89928,                0.94825,                0.95245,                  0.858,                0.45366,                0.56543,                0.49247,                 1.0916,              0.0018968,              0.0018968,              0.0018968
                     34,                0.46443,                0.35715,                0.42998,                 1.0294,                0.91074,                0.96564,                 0.9734,                0.90507,                0.91015,                 0.9674,                0.97335,                0.92795,                0.39075,                0.27982,                0.40401,                 1.0068,              0.0018934,              0.0018934,              0.0018934
                     35,                0.43542,                0.35968,                0.41555,                 1.0031,                0.93785,                0.95584,                0.97893,                0.91022,                0.93611,                0.96215,                0.97932,                0.93232,                0.38775,                0.27777,                0.36117,                0.99508,              0.0018901,              0.0018901,              0.0018901
                     36,                0.43684,                0.35507,                0.42519,                 1.0067,                0.94256,                0.93586,                0.97052,                0.91308,                0.94256,                0.93586,                0.97148,                 0.9154,                0.37193,                 0.3213,                0.39526,                0.98659,              0.0018868,              0.0018868,              0.0018868
                     37,                0.42817,                0.33817,                0.41588,                 0.9969,                0.93715,                0.96004,                0.98162,                0.91374,                0.94581,                0.95268,                0.98103,                0.92232,                0.36681,                0.34455,                0.35841,                0.98611,              0.0018835,              0.0018835,              0.0018835
                     38,                0.42841,                0.32714,                0.41872,                0.99234,                0.95949,                 0.9674,                0.98333,                0.91411,                0.95741,                 0.9653,                 0.9831,                0.94082,                0.39036,                0.25978,                0.35227,                  1.009,              0.0018801,              0.0018801,              0.0018801
                     39,                0.42614,                 0.3223,                0.40387,                0.99523,                0.92832,                0.93586,                0.96944,                0.90786,                0.93064,                 0.9453,                0.97265,                0.92466,                0.37287,                0.25544,                 0.3957,                0.98325,              0.0018768,              0.0018768,              0.0018768
                     40,                0.41927,                0.32797,                0.39947,                0.98335,                0.95372,                0.95058,                0.97694,                0.92889,                0.95372,                0.95058,                0.97674,                0.93674,                0.35761,                0.26874,                 0.3645,                0.97447,              0.0018735,              0.0018735,              0.0018735
                     41,                0.42803,                0.37672,                0.41079,                 0.9845,                0.95849,                0.91062,                0.96467,                 0.9046,                0.95804,                0.91244,                0.96673,                 0.8956,                0.38306,                0.39239,                0.40888,                 1.0156,              0.0018701,              0.0018701,              0.0018701
                     42,                0.40365,                0.34096,                0.39055,                0.97852,                0.95229,                0.88013,                0.94156,                  0.889,                0.95229,                0.88013,                0.94215,                0.87408,                0.37536,                0.38903,                0.47803,                  1.017,              0.0018668,              0.0018668,              0.0018668
                     43,                0.40968,                0.36901,                  0.404,                0.98235,                0.93645,                0.94742,                0.97625,                0.91744,                0.93645,                0.94742,                0.97659,                0.91759,                0.35214,                0.35753,                0.35839,                0.97005,              0.0018635,              0.0018635,              0.0018635
                     44,                0.42817,                0.33151,                0.39475,                0.98578,                0.96314,                0.94217,                0.97877,                0.92831,                0.96247,                0.94379,                0.97949,                0.93402,                0.34461,                0.26914,                0.34259,                0.95364,              0.0018601,              0.0018601,              0.0018601
                     45,                0.41126,                0.30603,                0.37769,                0.97579,                0.94555,                0.96773,                0.98421,                0.93954,                0.94555,                0.96773,                0.98403,                0.94777,                0.31489,                0.23886,                0.33865,                0.93677,              0.0018568,              0.0018568,              0.0018568
                     46,                0.40084,                0.32878,                0.38075,                0.96791,                0.96365,                 0.9632,                0.98839,                0.94481,                 0.9626,                0.96215,                0.98821,                0.95229,                0.33718,                0.26877,                0.31216,                0.94694,              0.0018535,              0.0018535,              0.0018535
                     47,                0.39459,                0.32905,                0.38003,                 0.9674,                 0.9538,                0.96004,                 0.9872,                0.95006,                0.95276,                0.95899,                0.98699,                0.94117,                0.30935,                0.32746,                0.31059,                0.92171,              0.0018502,              0.0018502,              0.0018502
                     48,                0.39326,                0.35145,                0.38128,                 0.9619,                0.96767,                0.96425,                 0.9887,                0.94154,                0.96767,                0.96425,                0.98871,                 0.9521,                0.32991,                0.27801,                0.31658,                 0.9482,              0.0018468,              0.0018468,              0.0018468
                     49,                0.38403,                0.32394,                0.38144,                0.95742,                0.96697,                 0.9653,                0.98844,                0.93985,                0.97232,                0.96047,                0.98828,                0.93949,                 0.3296,                0.27174,                0.32277,                0.94615,              0.0018435,              0.0018435,              0.0018435
                     50,                0.37018,                0.32551,                0.37392,                0.95461,                0.94012,                0.97406,                0.98251,                0.94582,                0.94117,                0.97565,                0.98289,                0.94021,                0.31483,                0.26162,                0.33876,                0.93537,              0.0018402,              0.0018402,              0.0018402
                     51,                 0.3668,                0.31207,                0.36751,                 0.9407,                 0.9382,                0.95784,                 0.9832,                 0.9429,                 0.9382,                0.95784,                0.98327,                0.94719,                0.29671,                0.23652,                0.34044,                 0.9149,              0.0018368,              0.0018368,              0.0018368
                     52,                0.37784,                0.33326,                0.37408,                0.95208,                0.94982,                0.97528,                0.98656,                0.94694,                 0.9488,                0.97423,                0.98636,                0.94786,                 0.3026,                0.24842,                 0.3111,                0.91814,              0.0018335,              0.0018335,              0.0018335
                     53,                 0.3712,                0.31743,                0.36654,                0.94937,                0.96224,                0.97476,                0.98629,                0.94984,                0.96224,                0.97476,                0.98629,                0.94478,                0.31289,                0.23634,                0.30334,                0.92345,              0.0018302,              0.0018302,              0.0018302
                     54,                0.38147,                0.28567,                 0.3564,                0.94881,                0.95558,                0.97262,                0.98464,                0.95241,                0.95558,                0.97262,                0.98446,                0.94674,                 0.2977,                0.23085,                0.30219,                0.92385,              0.0018268,              0.0018268,              0.0018268
                     55,                0.35252,                0.29754,                0.34495,                0.93258,                0.96855,                0.97164,                0.98949,                0.95415,                0.96855,                0.97164,                0.98942,                0.96039,                0.30668,                0.21325,                0.28551,                0.91421,              0.0018235,              0.0018235,              0.0018235
                     56,                0.35359,                0.28144,                0.35149,                0.93611,                0.98081,                0.94217,                 0.9882,                0.95266,                 0.9819,                0.94322,                0.98825,                0.95134,                0.29807,                0.23599,                0.29861,                0.91634,              0.0018202,              0.0018202,              0.0018202
                     57,                0.34701,                0.30847,                0.35163,                0.93487,                 0.9406,                0.96581,                0.97749,                0.94113,                0.93656,                 0.9674,                0.97764,                0.92299,                0.29751,                 0.2903,                0.32852,                0.91671,              0.0018169,              0.0018169,              0.0018169
                     58,                0.34952,                0.29715,                0.35015,                0.93292,                0.96081,                0.97954,                0.98924,                0.96339,                0.96082,                0.97985,                0.98918,                0.95334,                0.27754,                 0.2028,                0.29005,                0.89516,              0.0018135,              0.0018135,              0.0018135
                     59,                 0.3446,                0.26146,                0.33595,                0.92577,                0.97099,                0.97581,                0.99143,                0.96729,                0.97099,                0.97581,                0.99143,                 0.9644,                0.26988,                0.19814,                0.26664,                0.89696,              0.0018102,              0.0018102,              0.0018102
                     60,                0.34634,                0.26335,                0.32698,                0.92677,                0.96264,                0.97792,                 0.9887,                0.96717,                0.96264,                0.97792,                 0.9887,                0.96552,                0.25259,                0.19712,                0.27558,                0.88415,              0.0018069,              0.0018069,              0.0018069
                     61,                0.33128,                0.28256,                0.32883,                0.91741,                0.96548,                0.97039,                0.98911,                0.96394,                0.96548,                0.97039,                0.98911,                0.96257,                0.27781,                0.19924,                0.27839,                 0.9061,              0.0018035,              0.0018035,              0.0018035
                     62,                0.31394,                0.25281,                 0.3238,                0.91105,                0.97176,                0.98107,                0.98857,                 0.9604,                 0.9728,                0.98212,                0.98982,                0.95538,                0.26692,                0.19728,                0.27618,                0.88643,              0.0018002,              0.0018002,              0.0018002
                     63,                0.34926,                0.26804,                0.34233,                 0.9302,                0.97363,                0.97161,                0.99111,                 0.9688,                0.97363,                0.97161,                 0.9912,                0.96572,                0.28047,                0.20637,                0.26354,                0.90708,              0.0017969,              0.0017969,              0.0017969
                     64,                0.33275,                0.25576,                 0.3242,                0.92234,                0.96173,                0.97766,                0.99022,                0.96574,                0.96173,                0.97766,                0.99022,                0.96391,                0.25652,                0.19028,                0.28118,                0.88545,              0.0017935,              0.0017935,              0.0017935
                     65,                0.33175,                0.28808,                0.34575,                0.92486,                0.96326,                0.96486,                0.98339,                0.95101,                0.96326,                0.96486,                0.98339,                 0.9488,                0.27481,                0.21515,                0.28883,                 0.9054,              0.0017902,              0.0017902,              0.0017902
                     66,                 0.3354,                0.26835,                0.33842,                0.92155,                 0.9643,                 0.9372,                0.98057,                0.95056,                0.96321,                0.93615,                0.97998,                0.94724,                0.29768,                0.23175,                0.32542,                0.92225,              0.0017869,              0.0017869,              0.0017869
                     67,                0.33716,                0.26866,                0.33414,                0.91909,                0.95558,                0.95003,                0.97943,                0.94962,                0.95875,                0.95312,                0.98049,                0.94186,                 0.2969,                0.25797,                0.33519,                0.92492,              0.0017836,              0.0017836,              0.0017836
                     68,                0.33751,                0.25789,                0.33052,                0.92644,                0.95785,                 0.9797,                0.98794,                0.96873,                0.95785,                 0.9797,                0.98794,                0.95668,                0.25138,                0.19963,                0.28319,                 0.8798,              0.0017802,              0.0017802,              0.0017802
                     69,                0.32168,                0.26274,                 0.3226,                0.91313,                0.97425,                0.97056,                0.98745,                0.96307,                0.97425,                0.97056,                0.98675,                0.95665,                0.27084,                0.22235,                  0.283,                 0.8982,              0.0017769,              0.0017769,              0.0017769
                     70,                0.32077,                0.26268,                0.32127,                0.90487,                0.97437,                 0.9674,                0.99066,                0.97251,                0.97437,                 0.9674,                0.99053,                0.96281,                0.23993,                0.19705,                0.26362,                0.87377,              0.0017736,              0.0017736,              0.0017736
                     71,                0.30874,                0.25642,                0.31496,                0.90328,                0.95178,                0.95373,                0.98459,                0.96254,                0.95246,                0.95373,                0.98488,                 0.9571,                 0.2775,                0.21497,                0.30031,                0.89971,              0.0017702,              0.0017702,              0.0017702
                     72,                 0.3167,                0.27007,                0.31824,                0.90583,                0.97242,                0.96386,                0.98544,                0.96469,                0.97242,                0.96386,                0.98546,                0.95544,                0.25292,                0.20659,                0.28024,                 0.8801,              0.0017669,              0.0017669,              0.0017669
                     73,                0.30564,                0.26296,                0.32043,                 0.9005,                0.96787,                0.95899,                0.98306,                0.95918,                0.96715,                0.95963,                0.98308,                0.95111,                0.25101,                0.21359,                0.27987,                0.87773,              0.0017636,              0.0017636,              0.0017636
                     74,                0.29975,                0.26212,                0.32851,                0.89966,                0.94347,                0.96529,                0.98543,                 0.9618,                0.94347,                0.96529,                0.98543,                0.94316,                0.25653,                0.34124,                0.31123,                0.89074,              0.0017602,              0.0017602,              0.0017602
                     75,                0.30514,                0.27356,                0.31628,                0.90057,                0.96565,                0.96425,                 0.9904,                0.96674,                 0.9667,                 0.9653,                0.99072,                0.95537,                0.26358,                0.21401,                0.26838,                0.89161,              0.0017569,              0.0017569,              0.0017569
                     76,                0.32111,                0.26779,                0.32671,                0.90633,                0.97327,                0.95719,                0.99005,                0.96493,                0.97327,                0.95719,                0.99017,                 0.9573,                0.26427,                0.21048,                0.27989,                0.89276,              0.0017536,              0.0017536,              0.0017536
                     77,                0.30544,                0.25441,                0.31619,                0.90214,                0.94446,                0.96109,                0.98276,                0.94987,                0.93928,                 0.9597,                0.98232,                0.93698,                0.27267,                 0.2807,                0.32856,                0.89992,              0.0017503,              0.0017503,              0.0017503
                     78,                0.30715,                0.25429,                0.31459,                0.90149,                0.97207,                0.97792,                 0.9905,                 0.9748,                0.97207,                0.97792,                 0.9905,                 0.9632,                0.23517,                0.19838,                0.24604,                0.86972,              0.0017469,              0.0017469,              0.0017469
                     79,                0.29893,                0.24358,                0.30915,                0.89639,                0.96508,                0.97371,                0.98944,                0.97396,                0.96508,                0.97371,                0.98944,                0.96513,                0.23103,                0.19823,                0.25335,                0.86557,              0.0017436,              0.0017436,              0.0017436
                     80,                0.29922,                0.24976,                 0.3067,                0.89144,                0.97763,                0.97266,                   0.99,                0.97012,                0.97869,                0.97371,                0.99009,                0.96048,                0.25351,                0.21156,                0.24772,                0.88264,              0.0017403,              0.0017403,              0.0017403
                     81,                0.28876,                0.25084,                0.30001,                0.88987,                0.97463,                0.96961,                0.99092,                0.97454,                0.97463,                0.96961,                0.99103,                0.96583,                0.22642,                0.19147,                0.24314,                0.86372,              0.0017369,              0.0017369,              0.0017369
                     82,                0.28375,                0.24076,                0.29824,                0.88829,                0.97208,                0.96635,                0.98941,                0.97201,                0.97208,                0.96635,                0.98987,                0.96428,                0.23307,                0.19543,                0.25231,                0.86777,              0.0017336,              0.0017336,              0.0017336
                     83,                0.29026,                0.24359,                0.29385,                0.88925,                0.96773,                0.96635,                 0.9887,                0.96727,                0.96773,                0.96635,                 0.9887,                 0.9674,                  0.244,                0.19456,                0.25952,                0.87406,              0.0017303,              0.0017303,              0.0017303
                     84,                0.29586,                 0.2335,                0.29345,                0.89458,                0.96927,                0.96177,                0.98838,                0.96654,                0.97139,                0.96387,                 0.9886,                0.95229,                0.26078,                0.21279,                0.26686,                0.88605,              0.0017269,              0.0017269,              0.0017269
                     85,                 0.2983,                0.23732,                0.30081,                 0.8899,                0.97991,                0.97468,                0.99234,                0.97603,                0.97991,                0.97468,                0.99235,                0.96906,                  0.241,                0.18961,                0.24148,                 0.8658,              0.0017236,              0.0017236,              0.0017236
                     86,                 0.3066,                0.24503,                0.29853,                0.89982,                0.97254,                 0.9684,                0.98919,                0.97031,                0.97149,                0.96735,                0.98901,                0.96245,                0.24237,                0.22428,                 0.2482,                0.87223,              0.0017203,              0.0017203,              0.0017203
                     87,                0.29741,                0.23074,                0.30263,                0.89519,                0.97116,                0.96951,                0.98945,                 0.9701,                0.96597,                0.97266,                0.98962,                0.96419,                0.25039,                 0.1974,                0.24797,                0.87701,               0.001717,               0.001717,               0.001717
                     88,                0.29101,                0.24045,                0.29513,                0.89247,                0.97926,                0.97161,                0.99068,                0.97347,                0.97926,                0.97161,                0.99068,                 0.9606,                0.23704,                0.21955,                0.24447,                0.86779,              0.0017136,              0.0017136,              0.0017136
                     89,                0.28466,                0.24147,                0.28898,                0.88407,                 0.9728,                0.97777,                0.99168,                0.97663,                0.97385,                0.97882,                0.99194,                0.96814,                0.23375,                 0.1835,                0.23428,                0.86086,              0.0017103,              0.0017103,              0.0017103
                     90,                0.28053,                0.22971,                0.28837,                0.88594,                0.97661,                0.96578,                0.98514,                0.96047,                0.97661,                0.96578,                0.98529,                0.95229,                0.25245,                0.21839,                0.25781,                0.88728,               0.001707,               0.001707,               0.001707
                     91,                0.28516,                0.23607,                0.28848,                0.88594,                0.97263,                0.97171,                0.99227,                0.97693,                0.97263,                0.97171,                0.99222,                0.97092,                0.22826,                0.17807,                0.23559,                0.86097,              0.0017036,              0.0017036,              0.0017036
                     92,                0.28856,                0.23153,                0.28699,                0.88644,                0.97348,                0.96506,                0.99063,                0.97757,                0.97348,                0.96506,                0.99089,                 0.9674,                0.21494,                0.18872,                0.24652,                0.85961,              0.0017003,              0.0017003,              0.0017003
                     93,                0.28107,                0.22881,                0.28894,                0.88025,                0.97109,                0.98212,                0.99086,                0.98184,                0.97109,                0.98212,                0.99086,                0.96775,                0.21673,                0.17294,                0.23326,                 0.8501,               0.001697,               0.001697,               0.001697
                     94,                0.27306,                0.23295,                0.28027,                0.87617,                0.96679,                0.97942,                0.98988,                0.97609,                0.96679,                0.97942,                0.98988,                 0.9639,                 0.2166,                 0.1958,                0.23453,                0.84769,              0.0016936,              0.0016936,              0.0016936
                     95,                0.27021,                0.22649,                0.27761,                0.87964,                0.97706,                 0.9674,                0.99012,                 0.9748,                0.97111,                0.97371,                0.99075,                0.96476,                0.22299,                0.18697,                0.23592,                 0.8577,              0.0016903,              0.0016903,              0.0016903
                     96,                0.27475,                0.23705,                0.27934,                0.87925,                0.97367,                0.97687,                0.99025,                0.97805,                0.97367,                0.97687,                0.98991,                0.96679,                0.22031,                0.18897,                0.24541,                0.85662,               0.001687,               0.001687,               0.001687
                     97,                0.28376,                0.24171,                 0.2833,                0.87883,                0.97369,                0.97275,                0.98929,                0.97502,                0.97369,                0.97275,                0.98932,                0.96787,                0.22834,                0.18804,                0.24428,                0.86009,              0.0016837,              0.0016837,              0.0016837
                     98,                0.27485,                0.22406,                0.27697,                0.87562,                0.97453,                0.96549,                0.98933,                0.97191,                0.97453,                0.96549,                0.98931,                0.96294,                0.22398,                0.20619,                0.24593,                0.86277,              0.0016803,              0.0016803,              0.0016803
                     99,                0.27879,                0.24337,                0.28447,                0.87919,                0.96873,                0.97725,                0.99132,                0.97491,                0.96873,                0.97725,                0.99132,                0.96889,                0.23569,                0.17901,                0.23992,                0.86439,               0.001677,               0.001677,               0.001677
                    100,                0.28207,                0.22434,                0.28838,                0.87756,                0.97217,                0.97476,                 0.9903,                0.97719,                0.97217,                0.97476,                0.99029,                 0.9678,                 0.2189,                 0.1895,                0.23429,                0.85793,              0.0016737,              0.0016737,              0.0016737
                    101,                0.27449,                0.23557,                 0.2736,                0.87544,                0.97679,                0.92935,                0.97975,                0.95751,                  0.979,                0.93145,                0.98184,                0.95083,                0.24922,                 0.2549,                0.30058,                0.88457,              0.0016703,              0.0016703,              0.0016703
                    102,                0.26343,                0.21482,                0.27158,                0.87766,                0.97569,                0.97052,                0.99074,                0.97958,                0.97569,                0.97052,                0.99074,                0.97093,                 0.1977,                0.16434,                0.22304,                 0.8405,               0.001667,               0.001667,               0.001667
                    103,                0.27701,                 0.2125,                0.27426,                0.87416,                0.97682,                0.97487,                0.99212,                0.97902,                0.97682,                0.97487,                0.99212,                0.96998,                0.22279,                0.16904,                0.23109,                0.85431,              0.0016637,              0.0016637,              0.0016637
                    104,                 0.2856,                0.22431,                0.27615,                0.88111,                0.98164,                0.95558,                0.98522,                0.97144,                0.98164,                0.95558,                0.98522,                0.96164,                0.21017,                0.18725,                0.25184,                0.84938,              0.0016603,              0.0016603,              0.0016603
                    105,                0.26801,                0.21188,                0.27105,                0.87722,                0.97332,                0.96635,                0.98556,                0.97456,                0.97332,                0.96635,                0.98556,                0.96566,                0.20863,                0.18638,                0.24397,                0.84856,               0.001657,               0.001657,               0.001657
                    106,                0.27903,                0.22019,                0.27318,                0.88161,                0.98095,                0.97469,                0.99078,                0.97682,                0.98095,                0.97469,                0.99078,                0.96636,                0.21724,                0.17173,                0.23669,                0.85087,              0.0016537,              0.0016537,              0.0016537
                    107,                0.27576,                0.21189,                0.27263,                0.87672,                0.97971,                0.97266,                0.99258,                 0.9803,                0.98077,                0.97371,                0.99268,                0.97032,                0.22109,                0.17227,                0.22881,                0.85693,              0.0016504,              0.0016504,              0.0016504
                    108,                0.27256,                0.21691,                0.27679,                0.88007,                0.96869,                0.97586,                0.99084,                0.98087,                0.96869,                0.97586,                0.99085,                0.97277,                 0.2075,                0.15409,                0.22561,                0.84521,               0.001647,               0.001647,               0.001647
                    109,                0.27261,                0.21047,                0.26865,                0.87727,                0.97383,                0.97836,                0.99241,                0.97845,                0.97383,                0.97836,                0.99242,                0.97372,                0.21546,                 0.1784,                0.21829,                0.84968,              0.0016437,              0.0016437,              0.0016437
                    110,                0.26244,                0.21941,                0.26334,                0.86579,                0.96801,                0.98634,                0.99035,                0.97916,                0.96801,                0.98634,                0.99035,                 0.9679,                0.20661,                0.16912,                0.23054,                0.84016,              0.0016404,              0.0016404,              0.0016404
                    111,                0.26575,                0.21396,                0.26845,                0.86913,                0.97174,                 0.9762,                0.99201,                0.97969,                0.97279,                0.97725,                0.99217,                0.97192,                0.20725,                0.16028,                0.22636,                0.83966,               0.001637,               0.001637,               0.001637
                    112,                0.26368,                0.23529,                0.26609,                0.87281,                0.97338,                0.96137,                0.99006,                0.97493,                0.97338,                0.96137,                 0.9902,                0.96294,                0.23106,                0.21091,                0.24593,                0.86368,              0.0016337,              0.0016337,              0.0016337
                    113,                0.26602,                0.23224,                0.26334,                 0.8731,                0.98074,                0.96382,                0.99197,                0.97695,                0.98074,                0.96382,                 0.9921,                0.96811,                0.21525,                0.18022,                0.23017,                0.84936,              0.0016304,              0.0016304,              0.0016304
                    114,                0.25535,                0.21799,                0.25891,                0.86826,                0.98068,                0.96077,                0.98999,                0.97857,                0.98068,                0.96077,                0.99019,                0.97052,                0.19635,                0.17661,                0.21826,                0.84025,               0.001627,               0.001627,               0.001627
                    115,                0.25283,                0.21797,                0.26012,                0.86638,                0.96643,                0.97266,                0.98848,                 0.9721,                0.96673,                0.97788,                0.98986,                0.96642,                0.22814,                 0.1851,                0.24535,                0.85554,              0.0016237,              0.0016237,              0.0016237
                    116,                0.26432,                0.21955,                0.27382,                 0.8753,                0.97842,                0.98107,                 0.9929,                0.98197,                0.97842,                0.98107,                 0.9929,                0.97565,                0.19809,                0.16006,                0.20427,                0.83697,              0.0016204,              0.0016204,              0.0016204
                    117,                0.24912,                0.21528,                 0.2602,                0.86489,                0.95385,                0.97056,                0.98681,                0.97568,                0.95385,                0.97056,                0.98681,                0.96362,                0.20566,                0.18689,                 0.2516,                0.84544,              0.0016171,              0.0016171,              0.0016171
                    118,                0.25852,                0.22575,                 0.2598,                0.86438,                0.97273,                0.97537,                0.99054,                0.98013,                0.97273,                0.97537,                0.99054,                0.96807,                0.21446,                0.18035,                0.23544,                0.84523,              0.0016137,              0.0016137,              0.0016137
                    119,                0.25419,                0.20812,                 0.2574,                0.86795,                0.97673,                0.97098,                0.99244,                0.98336,                0.97673,                0.97098,                0.99242,                0.97301,                0.19725,                0.17018,                0.21457,                 0.8417,              0.0016104,              0.0016104,              0.0016104
                    120,                0.24773,                0.21598,                0.25882,                0.86575,                0.97796,                0.97966,                0.99258,                0.98375,                0.97796,                0.97966,                0.99265,                0.97486,                0.19699,                0.16714,                0.20837,                 0.8375,              0.0016071,              0.0016071,              0.0016071
                    121,                0.25578,                0.22007,                0.25843,                0.86253,                0.95973,                0.97056,                0.99058,                0.97707,                0.95925,                0.96951,                0.99057,                0.97184,                 0.2226,                0.18039,                0.24141,                0.85754,              0.0016037,              0.0016037,              0.0016037
                    122,                0.24601,                 0.2078,                 0.2558,                0.86416,                0.97451,                 0.9653,                0.99175,                0.98073,                0.97451,                 0.9653,                0.99175,                0.97286,                0.20213,                0.16663,                0.21821,                0.84603,              0.0016004,              0.0016004,              0.0016004
                    123,                0.24454,                0.20663,                0.25376,                 0.8612,                0.98121,                0.97371,                0.99164,                0.98172,                0.98121,                0.97371,                0.99223,                0.97315,                0.19171,                0.16385,                0.20883,                0.83568,              0.0015971,              0.0015971,              0.0015971
                    124,                0.25048,                0.21209,                0.25308,                0.86272,                0.97784,                 0.9745,                0.99045,                0.98018,                0.97784,                 0.9745,                0.99073,                0.96688,                0.19491,                0.16888,                0.21899,                0.83414,              0.0015937,              0.0015937,              0.0015937
                    125,                0.25269,                0.20562,                0.25344,                0.86793,                0.97365,                0.97897,                0.99227,                 0.9821,                0.97365,                0.97897,                0.99227,                0.97257,                 0.2014,                0.16746,                0.21435,                0.84153,              0.0015904,              0.0015904,              0.0015904
                    126,                0.25102,                0.21466,                0.24798,                0.86091,                0.97544,                0.96635,                 0.9874,                0.97798,                0.97544,                0.96635,                 0.9874,                0.97057,                0.18873,                0.17158,                0.23049,                0.83301,              0.0015871,              0.0015871,              0.0015871
                    127,                0.24916,                0.21347,                0.24714,                0.86448,                0.97568,                0.97056,                0.99146,                0.97932,                0.97568,                0.97056,                0.99146,                0.97361,                0.20094,                0.16537,                0.23217,                0.84083,              0.0015838,              0.0015838,              0.0015838
                    128,                0.24207,                0.20536,                0.25166,                0.85973,                0.96768,                0.98212,                0.99119,                0.98106,                0.96768,                0.98212,                0.99136,                0.97399,                0.19271,                0.16652,                0.21182,                0.83239,              0.0015804,              0.0015804,              0.0015804
                    129,                0.24075,                0.20349,                0.24949,                0.86468,                0.97645,                 0.9674,                0.99031,                0.97916,                0.97645,                 0.9674,                0.99031,                0.97111,                0.18904,                0.15693,                0.22413,                0.83192,              0.0015771,              0.0015771,              0.0015771
                    130,                0.23882,                0.19968,                0.24351,                0.85679,                0.97763,                0.96489,                0.99052,                0.98104,                0.97763,                0.96489,                0.99052,                0.97103,                0.19055,                0.18093,                0.21464,                 0.8342,              0.0015738,              0.0015738,              0.0015738
                    131,                0.24874,                0.20879,                0.24504,                0.85889,                0.97778,                0.97792,                0.99225,                0.98439,                0.97778,                0.97792,                0.99225,                0.97756,                0.18384,                0.16958,                0.20317,                0.82891,              0.0015704,              0.0015704,              0.0015704
                    132,                0.24849,                0.20489,                0.24499,                 0.8594,                0.98291,                0.96787,                0.99222,                  0.983,                0.98291,                0.96787,                0.99222,                0.97505,                0.19005,                0.15481,                0.20917,                0.83641,              0.0015671,              0.0015671,              0.0015671
                    133,                0.23854,                0.19818,                0.24755,                0.85892,                0.98154,                0.96109,                0.98988,                0.97907,                0.98154,                0.96109,                0.98988,                0.96872,                0.19368,                0.17771,                0.22666,                0.83664,              0.0015638,              0.0015638,              0.0015638
                    134,                0.24236,                0.20038,                0.24752,                0.85789,                0.97956,                0.97897,                0.99211,                0.98379,                0.97956,                0.97897,                0.99211,                0.97611,                0.18489,                0.16652,                 0.1987,                0.82798,              0.0015604,              0.0015604,              0.0015604
                    135,                0.23602,                0.19741,                0.24045,                0.85436,                0.96573,                  0.978,                0.98983,                0.98093,                0.96573,                  0.978,                0.98983,                0.97086,                0.18567,                0.17223,                 0.2088,                0.82809,              0.0015571,              0.0015571,              0.0015571
                    136,                0.24017,                0.19345,                0.24299,                0.85853,                0.97367,                0.97581,                0.99128,                0.98277,                0.97367,                0.97581,                0.99128,                 0.9733,                0.17627,                0.16302,                 0.2038,                0.82521,              0.0015538,              0.0015538,              0.0015538
                    137,                0.24317,                0.20111,                0.24341,                0.85805,                0.97669,                0.96931,                0.98762,                0.97628,                0.97669,                0.96931,                0.98903,                0.96866,                0.21359,                0.16895,                 0.2281,                0.84795,              0.0015505,              0.0015505,              0.0015505
                    138,                0.25159,                 0.2083,                0.24843,                0.86193,                0.97748,                0.95829,                 0.9849,                0.97223,                0.97748,                0.95829,                0.98474,                0.96304,                0.20877,                0.19171,                0.23252,                0.84334,              0.0015471,              0.0015471,              0.0015471
                    139,                0.23463,                0.20033,                0.24821,                0.85563,                0.97277,                0.97672,                0.99234,                0.98342,                0.97277,                0.97672,                0.99234,                0.97628,                0.18248,                 0.1648,                0.20107,                0.82631,              0.0015438,              0.0015438,              0.0015438
                    140,                0.23583,                0.21017,                0.24357,                0.85663,                0.97661,                0.97687,                0.99026,                0.98106,                0.97556,                0.97581,                0.99004,                0.97155,                  0.186,                0.18117,                0.20844,                0.83021,              0.0015405,              0.0015405,              0.0015405
                    141,                0.23832,                0.19796,                0.24468,                0.85882,                0.97877,                0.97266,                0.99013,                0.98022,                0.97877,                0.97266,                0.99013,                0.97051,                0.18473,                0.16327,                0.21957,                0.83036,              0.0015371,              0.0015371,              0.0015371
                    142,                 0.2367,                0.19912,                0.23979,                0.85715,                0.97148,                0.98318,                0.99168,                0.98461,                0.96967,                0.98423,                0.99168,                0.97561,                 0.1765,                0.15624,                0.20044,                0.82507,              0.0015338,              0.0015338,              0.0015338
                    143,                0.24116,                0.19214,                0.23979,                0.85899,                0.98071,                0.96845,                0.98756,                 0.9781,                 0.9819,                0.96948,                0.98824,                0.97064,                0.18978,                0.17282,                0.21586,                0.83415,              0.0015305,              0.0015305,              0.0015305
                    144,                0.23573,                0.19375,                0.24668,                0.85728,                0.97142,                0.96498,                0.98783,                0.97722,                0.97142,                0.96498,                0.98827,                0.96861,                0.18619,                0.18161,                0.21389,                0.83038,              0.0015271,              0.0015271,              0.0015271
                    145,                0.23335,                0.19891,                0.24147,                0.85454,                0.97608,                0.97687,                0.99153,                0.98279,                0.97713,                0.97792,                0.99156,                0.97371,                 0.1813,                0.15941,                0.20471,                0.82849,              0.0015238,              0.0015238,              0.0015238
                    146,                0.22947,                 0.2034,                0.23645,                 0.8521,                0.97041,                0.97897,                0.99078,                0.98184,                0.97041,                0.97897,                0.99078,                 0.9714,                0.19019,                0.17511,                0.20737,                0.83461,              0.0015205,              0.0015205,              0.0015205
                    147,                0.24017,                0.21368,                0.24028,                0.85661,                0.98013,                0.95794,                0.98875,                0.97879,                0.98013,                0.95794,                0.98875,                0.97043,                 0.1962,                0.16962,                0.22693,                0.83504,              0.0015172,              0.0015172,              0.0015172
                    148,                0.24428,                0.22056,                0.24243,                0.85849,                0.98002,                0.97979,                0.99191,                 0.9837,                0.98002,                0.97979,                0.99191,                0.97438,                0.18374,                0.16451,                 0.1955,                0.82758,              0.0015138,              0.0015138,              0.0015138
                    149,                0.23398,                0.19974,                0.23655,                0.85529,                0.97404,                0.98649,                0.99164,                0.98453,                0.97404,                0.98649,                0.99164,                0.97553,                0.18074,                0.15558,                0.20007,                0.82663,              0.0015105,              0.0015105,              0.0015105
                    150,                0.23293,                0.20003,                0.23655,                0.85451,                0.97192,                0.96951,                0.98953,                0.98272,                0.97192,                0.96951,                0.98953,                0.97312,                0.17282,                0.16256,                0.21024,                0.82154,              0.0015072,              0.0015072,              0.0015072
                    151,                0.24326,                0.19828,                0.23534,                0.85945,                0.97591,                0.97956,                0.99139,                0.98392,                0.97591,                0.97956,                0.99139,                0.97434,                0.17667,                0.16042,                0.19794,                0.82459,              0.0015038,              0.0015038,              0.0015038
                    152,                 0.2354,                0.19293,                0.23147,                0.85737,                0.97491,                0.98051,                0.99153,                0.98429,                0.97491,                0.98051,                0.99153,                0.97593,                 0.1802,                 0.1654,                0.19566,                0.82792,              0.0015005,              0.0015005,              0.0015005
                    153,                0.23687,                0.19042,                0.23505,                0.85329,                 0.9809,                0.97225,                0.99232,                0.98416,                 0.9809,                0.97225,                0.99232,                0.97769,                0.17733,                0.15173,                0.19226,                0.82362,              0.0014972,              0.0014972,              0.0014972
                    154,                0.23126,                0.19045,                0.23284,                0.85427,                0.98088,                0.97056,                0.99233,                0.98387,                0.98088,                0.97056,                0.99233,                0.97569,                0.17788,                  0.161,                 0.1996,                0.82726,              0.0014938,              0.0014938,              0.0014938
                    155,                0.22623,                 0.1931,                0.23111,                0.85442,                0.98644,                0.97161,                0.99242,                0.98461,                0.98644,                0.97161,                0.99242,                0.97631,                0.17411,                0.15229,                 0.1972,                0.82327,              0.0014905,              0.0014905,              0.0014905
                    156,                0.22032,                0.18815,                0.22629,                0.85034,                0.98297,                0.97093,                0.99098,                0.98303,                0.98297,                0.97093,                0.99098,                0.97465,                0.17712,                0.14948,                0.20343,                0.82448,              0.0014872,              0.0014872,              0.0014872
                    157,                0.23498,                0.18902,                0.23556,                0.85549,                0.97752,                0.96635,                0.99079,                0.98265,                0.97752,                0.96635,                0.99065,                0.97417,                 0.1714,                0.15683,                0.20645,                  0.821,              0.0014839,              0.0014839,              0.0014839
                    158,                0.22949,                0.19316,                0.22877,                0.85602,                0.97522,                0.97161,                0.99027,                 0.9823,                0.97522,                0.97161,                0.99029,                0.97265,                0.17383,                0.16595,                0.20003,                0.82153,              0.0014805,              0.0014805,              0.0014805
                    159,                0.22477,                0.18487,                0.22568,                0.84844,                0.97896,                0.95689,                0.98713,                 0.9787,                0.97001,                 0.9653,                0.98777,                 0.9697,                 0.1719,                 0.1651,                0.20577,                 0.8255,              0.0014772,              0.0014772,              0.0014772
                    160,                0.22482,                0.19052,                0.22228,                 0.8466,                0.97255,                0.97371,                0.99013,                0.98255,                0.97255,                0.97371,                0.99015,                0.97328,                0.16888,                0.15325,                0.20343,                0.81983,              0.0014739,              0.0014739,              0.0014739
                    161,                0.22648,                0.18459,                0.22186,                0.85018,                0.97473,                0.97056,                 0.9904,                0.98316,                0.97473,                0.97056,                0.99036,                0.97512,                0.17538,                0.16597,                0.20374,                0.82239,              0.0014705,              0.0014705,              0.0014705
                    162,                0.21823,                0.18638,                0.21871,                0.85233,                0.97638,                0.95638,                0.99038,                0.98276,                0.97638,                0.95638,                 0.9905,                0.97379,                0.17158,                0.15938,                0.21275,                0.81974,              0.0014672,              0.0014672,              0.0014672
                    163,                0.22165,                0.18749,                0.22696,                0.84978,                0.97858,                 0.9674,                0.99087,                0.98344,                0.97858,                 0.9674,                0.99087,                 0.9739,                0.17254,                0.14804,                 0.2035,                0.81969,              0.0014639,              0.0014639,              0.0014639
                    164,                0.22113,                0.18566,                0.22649,                 0.8469,                0.97789,                 0.9653,                0.98865,                0.97886,                0.97789,                 0.9653,                0.98941,                0.96958,                0.17896,                0.16421,                0.21694,                0.82461,              0.0014605,              0.0014605,              0.0014605
                    165,                0.22682,                0.20102,                 0.2255,                 0.8472,                0.97278,                0.97707,                0.99132,                0.98425,                0.97278,                0.97707,                0.99132,                0.97496,                0.17424,                0.16897,                0.19507,                0.82093,              0.0014572,              0.0014572,              0.0014572
                    166,                0.21956,                0.18327,                0.22435,                0.84763,                0.97985,                0.97133,                0.99049,                0.98308,                0.97985,                0.97133,                0.99084,                0.97341,                0.17606,                0.16954,                0.19604,                0.82279,              0.0014539,              0.0014539,              0.0014539
                    167,                0.22835,                0.20204,                0.23118,                0.85198,                0.96947,                0.97476,                0.99123,                0.98276,                0.96947,                0.97476,                 0.9914,                0.97439,                0.17567,                0.17593,                0.20624,                0.82508,              0.0014506,              0.0014506,              0.0014506
                    168,                 0.2321,                0.21105,                0.23312,                0.85315,                0.97863,                0.97161,                0.99169,                0.98194,                0.97757,                0.97056,                0.99165,                0.97293,                0.17201,                0.19206,                0.20005,                0.82517,              0.0014472,              0.0014472,              0.0014472
                    169,                 0.2198,                0.20399,                0.22339,                0.84564,                0.95767,                0.97539,                0.98615,                0.97906,                 0.9587,                0.97645,                0.98764,                0.96889,                0.17526,                0.16342,                0.21942,                0.82353,              0.0014439,              0.0014439,              0.0014439
                    170,                0.21487,                0.18888,                0.22183,                0.84412,                0.97077,                0.98107,                0.99148,                0.98315,                0.97077,                0.98107,                0.99148,                0.97497,                0.16609,                0.15617,                0.18874,                0.82289,              0.0014406,              0.0014406,              0.0014406
                    171,                0.22316,                0.20118,                0.22759,                0.84807,                0.97681,                 0.9746,                0.99159,                0.98316,                0.97787,                0.97565,                0.99165,                0.97453,                0.18074,                0.18635,                0.19439,                0.82721,              0.0014372,              0.0014372,              0.0014372
                    172,                0.22708,                0.19564,                 0.2305,                0.84861,                 0.9641,                0.97897,                0.98935,                0.97846,                0.96862,                0.97388,                0.98967,                0.96943,                0.17702,                0.16818,                0.20257,                0.82709,              0.0014339,              0.0014339,              0.0014339
                    173,                0.22181,                0.19292,                0.22359,                 0.8468,                0.97219,                0.98107,                 0.9903,                0.98253,                0.97219,                0.98107,                0.99039,                0.97369,                0.17329,                0.17662,                 0.1917,                0.82471,              0.0014306,              0.0014306,              0.0014306
                    174,                0.22722,                0.19641,                0.22901,                0.84682,                0.97259,                0.97005,                0.98684,                0.97846,                0.97259,                0.97005,                0.98806,                0.96711,                 0.1771,                0.18797,                0.21417,                0.82402,              0.0014272,              0.0014272,              0.0014272
                    175,                0.22616,                0.19449,                0.22616,                0.84951,                0.96874,                0.97056,                0.98568,                0.97762,                0.96874,                0.97056,                0.98871,                0.96487,                 0.1764,                0.17204,                0.20131,                0.82207,              0.0014239,              0.0014239,              0.0014239
                    176,                0.22108,                0.19325,                0.22303,                 0.8494,                0.96725,                0.97371,                0.98952,                0.98014,                0.96725,                0.97371,                0.98952,                0.97059,                0.17884,                0.17476,                0.20108,                0.82463,              0.0014206,              0.0014206,              0.0014206
                    177,                0.22249,                0.18614,                0.22241,                0.84497,                0.97973,                0.96564,                 0.9901,                0.98262,                0.98073,                 0.9674,                0.99013,                0.97242,                 0.1706,                0.15256,                0.20332,                0.81929,              0.0014172,              0.0014172,              0.0014172
                    178,                0.21782,                0.18552,                0.22081,                0.84582,                0.97078,                0.97834,                0.99203,                0.98478,                0.97078,                0.97834,                0.99203,                0.97581,                0.17223,                0.15163,                0.19339,                0.82122,              0.0014139,              0.0014139,              0.0014139
                    179,                0.21831,                0.19181,                0.21729,                 0.8446,                0.98667,                0.97266,                0.99199,                0.98503,                0.98667,                0.97266,                0.99202,                0.97602,                0.16868,                0.15629,                0.18961,                0.81853,              0.0014106,              0.0014106,              0.0014106
                    180,                0.21282,                0.17667,                0.21438,                0.84515,                0.98826,                0.97333,                0.99191,                0.98281,                0.98826,                0.97333,                0.99191,                0.97332,                 0.1686,                0.16775,                0.18198,                0.81846,              0.0014073,              0.0014073,              0.0014073
                    181,                0.21882,                0.19038,                 0.2193,                0.84615,                0.97884,                0.97297,                0.98961,                0.98088,                0.97884,                0.97297,                0.98961,                0.96947,                0.16882,                0.18237,                0.20776,                0.82059,              0.0014039,              0.0014039,              0.0014039
