                  epoch,         train/box_loss,        train/pose_loss,        train/kobj_loss,         train/cls_loss,         train/dfl_loss,   metrics/precision(B),      metrics/recall(B),       metrics/mAP50(B),    metrics/mAP50-95(B),   metrics/precision(P),      metrics/recall(P),       metrics/mAP50(P),    metrics/mAP50-95(P),           val/box_loss,          val/pose_loss,          val/kobj_loss,           val/cls_loss,           val/dfl_loss,                 lr/pg0,                 lr/pg1,                 lr/pg2
                      1,                0.04151,                 10.973,                      0,                 3.1523,                 3.9099,                0.00034,                0.00305,                0.00017,                  3e-05,                      0,                      0,                      0,                      0,                0.04163,                 11.058,                      0,                 3.2174,                 3.8233,                0.00032,                0.00032,                0.00032
                      2,                0.03274,                 10.512,                      0,                 1.6911,                  2.574,                0.00382,                 0.0335,                0.00211,                0.00047,                      0,                      0,                      0,                      0,                    nan,                    nan,                      0,                    nan,                    nan,              0.0006578,              0.0006578,              0.0006578
                      3,                 0.0221,                 9.5694,                      0,                  1.327,                   1.78,                0.35681,                0.70996,                0.35796,                0.11468,                      0,                      0,                      0,                      0,                0.01652,                 11.001,                      0,                 4.0704,                 2.5297,             0.00099334,             0.00099334,             0.00099334
                      4,                0.01806,                  9.248,                      0,                 1.1162,                  1.527,                0.31972,                 0.6297,                0.24153,                0.07733,                      0,                      0,                      0,                      0,                    nan,                    nan,                      0,                    nan,                    nan,              0.0013266,              0.0013266,              0.0013266
                      5,                0.01626,                 9.0821,                      0,                 1.0848,                 1.4067,                0.22077,                0.52401,                0.17682,                0.05002,                      0,                      0,                      0,                      0,                0.02108,                 11.385,                      0,                    inf,                 3.4252,              0.0016576,              0.0016576,              0.0016576
                      6,                 0.0156,                 8.5784,                      0,                 1.0134,                 1.3064,                0.71681,                0.82623,                0.79133,                 0.3537,                      0,                      0,                      0,                      0,                0.01325,                 10.301,                      0,                 2.1952,                 1.6145,              0.0019667,              0.0019667,              0.0019667
                      7,                0.01491,                 8.2333,                      0,                0.97243,                 1.2335,                0.73854,                0.80777,                0.79859,                0.37092,                      0,                      0,                      0,                      0,                0.01288,                 10.073,                      0,                 1.5903,                 1.3606,              0.0019667,              0.0019667,              0.0019667
                      8,                0.01447,                 7.8454,                      0,                0.97205,                 1.2094,                0.62222,                0.51283,                0.49253,                0.18675,                0.00039,                 0.0034,                 0.0002,                  3e-05,                0.01691,                 10.035,                      0,                 1.2936,                 1.8396,                0.00196,                0.00196,                0.00196
                      9,                0.01465,                  8.061,                      0,                0.96224,                 1.1808,                0.72695,                0.75403,                0.72905,                0.31764,                0.03507,                0.03959,                0.00516,                0.00063,                 0.0133,                 8.7577,                      0,                 1.4678,                 1.4887,              0.0019534,              0.0019534,              0.0019534
                     10,                0.01432,                 7.4293,                      0,                0.95462,                 1.1475,                0.80932,                0.79076,                0.82257,                0.39212,                0.01178,                0.03332,                0.00345,                0.00043,                0.01257,                 8.6161,                      0,                 1.0962,                  1.348,              0.0019467,              0.0019467,              0.0019467
                     11,                0.01422,                 7.5213,                      0,                0.95967,                 1.1172,                0.67068,                0.62164,                0.62815,                0.28062,                 0.0258,                0.01469,                0.00266,                0.00033,                 0.0151,                 8.8016,                      0,                  1.165,                 1.6011,              0.0019401,              0.0019401,              0.0019401
                     12,                0.01383,                 6.9063,                      0,                0.93086,                 1.0785,                0.77554,                0.80713,                0.76522,                0.35661,                0.02577,                0.10426,                0.01154,                 0.0016,                0.01264,                 8.5226,                      0,                 1.1912,                 1.2997,              0.0019334,              0.0019334,              0.0019334
                     13,                0.01374,                 6.8521,                      0,                0.92283,                 1.0536,                0.82428,                0.82927,                0.85627,                0.43083,                0.01524,                0.14099,                 0.0089,                0.00119,                0.01168,                 8.3874,                      0,                 1.0175,                 1.1296,              0.0019267,              0.0019267,              0.0019267
                     14,                 0.0137,                 6.8649,                      0,                0.93311,                 1.0278,                0.84183,                0.84683,                0.87803,                0.43988,                0.16539,                0.17341,                0.04554,                0.00638,                0.01168,                 7.2944,                      0,                0.96521,                 1.2142,              0.0019201,              0.0019201,              0.0019201
                     15,                0.01297,                  6.415,                      0,                0.89619,                 1.0162,                0.83039,                0.86313,                0.87724,                0.46655,                 0.1953,                0.22519,                0.08471,                0.01299,                0.01117,                   6.75,                      0,                0.95575,                 1.1493,              0.0019134,              0.0019134,              0.0019134
                     16,                0.01278,                 6.3813,                      0,                 0.8822,                 1.0116,                0.85738,                0.87129,                0.89863,                0.49633,                0.55202,                0.53565,                0.39072,                0.11872,                0.01076,                 5.9324,                      0,                0.89081,                 1.0632,              0.0019068,              0.0019068,              0.0019068
                     17,                0.01278,                 6.5279,                      0,                0.87604,                 0.9815,                0.84146,                0.88033,                0.89433,                0.46235,                 0.5267,                0.53628,                0.37762,                0.10715,                0.01125,                 5.9627,                      0,                0.90295,                 1.0645,              0.0019001,              0.0019001,              0.0019001
                     18,                 0.0131,                 6.3665,                      0,                0.87843,                0.97124,                0.80298,                0.83017,                 0.8543,                0.41399,                0.37749,                0.35471,                0.22348,                0.04655,                0.01236,                 6.3289,                      0,                 1.1127,                 1.2167,              0.0018934,              0.0018934,              0.0018934
                     19,                0.01245,                 6.2272,                      0,                0.85476,                 1.0076,                0.84654,                0.87388,                0.90098,                0.49398,                0.52046,                0.50018,                0.35248,                0.09708,                0.01074,                 5.8364,                      0,                0.87976,                    1.1,              0.0018868,              0.0018868,              0.0018868
                     20,                0.01212,                 6.2134,                      0,                0.84215,                0.98256,                0.86323,                0.85185,                0.90623,                0.49205,                0.29292,                0.27338,                0.13952,                0.02752,                0.01088,                  6.758,                      0,                 0.8677,                 1.0534,              0.0018801,              0.0018801,              0.0018801
                     21,                0.01219,                 5.9672,                      0,                0.84386,                0.95219,                0.80815,                0.81978,                0.82163,                0.45148,                0.38995,                0.35525,                0.23074,                0.04674,                0.01082,                 6.2263,                      0,                0.87033,                   1.05,              0.0018735,              0.0018735,              0.0018735
                     22,                0.01221,                 5.8539,                      0,                0.82938,                0.93292,                0.85222,                0.86134,                0.88527,                0.44288,                0.41639,                0.39842,                0.23955,                0.05054,                0.01185,                  6.229,                      0,                0.92082,                 1.1394,              0.0018668,              0.0018668,              0.0018668
                     23,                0.01185,                 5.8022,                      0,                0.83047,                0.93858,                0.86698,                0.88409,                0.89937,                 0.5144,                0.51322,                0.48961,                0.34995,                0.08278,                0.01032,                 6.0558,                      0,                0.80268,                 1.0295,              0.0018601,              0.0018601,              0.0018601
                     24,                0.01161,                  5.758,                      0,                0.80458,                0.93995,                0.85403,                0.84168,                0.89995,                0.49819,                0.53942,                0.48656,                0.36845,                0.09904,                0.01084,                 5.9632,                      0,                0.87041,                 1.0352,              0.0018535,              0.0018535,              0.0018535
                     25,                0.01196,                 5.8225,                      0,                0.81159,                0.92559,                0.84878,                0.88886,                0.92356,                0.54816,                0.49226,                0.46435,                0.33752,                0.08208,                0.00961,                 5.8345,                      0,                0.80716,                0.97502,              0.0018468,              0.0018468,              0.0018468
                     26,                0.01154,                 5.6572,                      0,                0.78769,                0.88383,                0.90237,                0.92064,                0.93852,                0.55896,                0.54938,                0.52436,                0.38938,                 0.1013,                0.00972,                  5.608,                      0,                0.76511,                0.91785,              0.0018402,              0.0018402,              0.0018402
                     27,                0.01134,                 5.7352,                      0,                0.78963,                0.90612,                0.87607,                0.89556,                0.92624,                0.53077,                0.43337,                0.41849,                0.31055,                0.07252,                0.01018,                 5.8956,                      0,                0.78093,                 0.9351,              0.0018335,              0.0018335,              0.0018335
                     28,                0.01149,                 5.7092,                      0,                0.80117,                0.89106,                0.86255,                 0.8746,                 0.9046,                0.48764,                 0.5673,                0.54873,                0.42153,                0.14103,                0.01116,                 5.4931,                      0,                0.86445,                 0.9813,              0.0018268,              0.0018268,              0.0018268
                     29,                 0.0116,                 5.7095,                      0,                0.80103,                0.89984,                0.88967,                0.90953,                  0.935,                0.57475,                0.56984,                0.56628,                0.43397,                0.13563,                0.00958,                 5.5477,                      0,                0.75891,                0.92115,              0.0018202,              0.0018202,              0.0018202
                     30,                0.01144,                 5.6603,                      0,                0.78066,                0.89413,                0.88257,                0.89968,                0.92759,                0.51924,                0.59163,                0.58044,                0.43418,                0.15891,                0.01065,                 5.2572,                      0,                0.82176,                0.93383,              0.0018135,              0.0018135,              0.0018135
                     31,                0.01109,                  5.573,                      0,                0.78539,                0.89706,                0.85515,                0.86134,                0.88371,                0.44632,                0.55559,                0.54066,                0.38998,                0.12158,                0.01188,                 5.5833,                      0,                0.84601,                 1.0286,              0.0018069,              0.0018069,              0.0018069
                     32,                0.01124,                 5.5727,                      0,                0.78327,                 0.8826,                0.90319,                0.91616,                0.94376,                0.57778,                0.60551,                0.59065,                0.44877,                0.17564,                0.00939,                 5.2121,                      0,                0.77366,                0.90018,              0.0018002,              0.0018002,              0.0018002
                     33,                0.01133,                 5.4199,                      0,                0.78428,                0.86241,                0.86312,                0.89162,                0.91416,                0.54949,                0.57784,                0.58115,                0.43931,                0.16206,                0.00984,                 5.2415,                      0,                 0.8133,                0.91195,              0.0017935,              0.0017935,              0.0017935
                     34,                0.01112,                 5.5889,                      0,                0.77896,                0.87747,                0.89773,                0.89789,                0.93057,                 0.5756,                0.56701,                0.55201,                0.42528,                0.12496,                0.00948,                 5.5477,                      0,                 0.7656,                0.93194,              0.0017869,              0.0017869,              0.0017869
                     35,                0.01116,                 5.6796,                      0,                 0.7789,                0.89895,                 0.8803,                0.90451,                0.92271,                0.49598,                 0.5876,                0.57637,                0.43468,                0.13808,                0.01103,                 5.4476,                      0,                 0.8529,                0.96334,              0.0017802,              0.0017802,              0.0017802
                     36,                0.01134,                 5.5259,                      0,                0.75967,                0.86713,                0.88293,                0.88095,                0.91138,                0.48501,                0.59357,                0.57757,                0.43861,                0.16161,                0.01109,                 5.3464,                      0,                0.80868,                0.93413,              0.0017736,              0.0017736,              0.0017736
                     37,                0.01124,                 5.4692,                      0,                0.76125,                0.85389,                0.89409,                0.90828,                 0.9407,                0.56682,                0.59847,                0.59383,                0.44639,                0.17272,                0.00973,                 5.2309,                      0,                0.81485,                0.91869,              0.0017669,              0.0017669,              0.0017669
                     38,                 0.0108,                 5.4584,                      0,                0.75059,                0.87056,                0.89296,                0.91167,                0.93109,                 0.5643,                0.60148,                0.58707,                0.43944,                0.16985,                0.00962,                 5.3761,                      0,                0.76325,                0.90619,              0.0017602,              0.0017602,              0.0017602
                     39,                0.01092,                 5.5326,                      0,                0.76427,                   0.86,                 0.8846,                 0.8986,                0.93971,                0.55588,                0.59197,                0.55733,                0.43502,                0.17032,                0.00991,                 5.3839,                      0,                0.78027,                0.92157,              0.0017536,              0.0017536,              0.0017536
                     40,                0.01098,                 5.5194,                      0,                0.75351,                  0.848,                0.91561,                0.91759,                0.95498,                0.61112,                0.61417,                0.59715,                0.47218,                 0.1861,                0.00892,                  5.265,                      0,                0.70654,                0.87139,              0.0017469,              0.0017469,              0.0017469
                     41,                0.01056,                 5.3453,                      0,                0.71053,                 0.8216,                0.92301,                 0.9253,                 0.9586,                0.61868,                0.62542,                 0.6084,                0.47367,                0.20221,                0.00882,                 5.1213,                      0,                0.70062,                0.86236,              0.0017403,              0.0017403,              0.0017403
                     42,                0.01031,                 5.3661,                      0,                0.70697,                0.81952,                0.92748,                0.92189,                0.95447,                0.63241,                0.62777,                0.61089,                0.47593,                0.19685,                0.00872,                 5.1163,                      0,                0.67469,                0.85452,              0.0017336,              0.0017336,              0.0017336
                     43,                0.01051,                 5.3917,                      0,                0.71033,                0.82195,                0.90916,                0.91088,                0.94598,                0.58602,                0.60414,                0.58975,                0.45569,                0.15672,                0.00932,                 5.3897,                      0,                   0.71,                0.88902,              0.0017269,              0.0017269,              0.0017269
                     44,                0.01072,                 5.3926,                      0,                0.71689,                0.83936,                0.91221,                0.92138,                0.94408,                0.57358,                0.62047,                0.61322,                0.46922,                0.19819,                0.00957,                 5.0811,                      0,                0.77574,                0.88873,              0.0017203,              0.0017203,              0.0017203
                     45,                0.01067,                 5.3493,                      0,                0.71823,                0.82534,                0.91357,                0.91078,                0.94666,                0.62797,                0.62391,                0.60426,                0.47175,                0.19684,                0.00851,                 5.0802,                      0,                0.71111,                 0.8574,              0.0017136,              0.0017136,              0.0017136
                     46,                0.01061,                 5.3278,                      0,                 0.7107,                0.81261,                0.90866,                0.91424,                0.94949,                0.59067,                0.62086,                0.61519,                0.46632,                0.19615,                 0.0091,                 5.1196,                      0,                0.74595,                0.86316,               0.001707,               0.001707,               0.001707
                     47,                 0.0103,                 5.2898,                      0,                0.69066,                0.82238,                0.92279,                0.92715,                0.95202,                0.57299,                0.59153,                0.56772,                 0.4385,                0.15566,                0.00985,                 5.4216,                      0,                0.72255,                0.89528,              0.0017003,              0.0017003,              0.0017003
                     48,                0.01072,                 5.5038,                      0,                0.71244,                0.83813,                0.92805,                0.93121,                0.95864,                0.60274,                 0.6095,                0.58778,                0.45533,                0.15231,                 0.0093,                 5.3571,                      0,                0.71362,                0.89819,              0.0016936,              0.0016936,              0.0016936
                     49,                0.01049,                 5.4194,                      0,                0.68937,                0.82064,                0.93385,                0.91553,                0.95599,                 0.6337,                0.62974,                0.61501,                0.48515,                0.20098,                0.00866,                 5.0841,                      0,                0.69754,                 0.8429,               0.001687,               0.001687,               0.001687
                     50,                0.01005,                 5.2705,                      0,                0.67901,                0.81851,                 0.9315,                0.93139,                0.95886,                 0.5888,                0.63529,                0.62021,                    0.5,                0.22014,                0.00964,                  5.032,                      0,                0.69089,                0.86826,              0.0016803,              0.0016803,              0.0016803
                     51,                0.01032,                 5.2749,                      0,                0.67743,                0.79412,                0.92437,                0.94034,                0.95703,                0.65595,                0.62856,                0.62415,                0.48548,                0.20489,                 0.0084,                 5.0648,                      0,                0.66283,                0.83687,              0.0016737,              0.0016737,              0.0016737
                     52,                0.01019,                 5.3396,                      0,                0.68154,                0.80305,                 0.9331,                0.93497,                0.96226,                0.65869,                0.64277,                0.63181,                0.49502,                0.20322,                0.00835,                 5.0405,                      0,                0.67395,                0.84251,               0.001667,               0.001667,               0.001667
                     53,                0.00975,                 5.3175,                      0,                0.66552,                0.81085,                0.93902,                0.93372,                0.96328,                0.68103,                 0.6337,                0.61573,                 0.5039,                0.21213,                0.00794,                 5.0871,                      0,                0.63273,                0.84795,              0.0016603,              0.0016603,              0.0016603
                     54,                0.00982,                  5.298,                      0,                0.66203,                0.79269,                0.94139,                0.93981,                0.96221,                0.67882,                0.63536,                0.62433,                0.49343,                0.22232,                  0.008,                 4.9794,                      0,                0.62792,                0.82671,              0.0016537,              0.0016537,              0.0016537
                     55,                0.00976,                 5.2134,                      0,                0.64872,                0.79353,                0.93891,                0.94518,                0.96491,                0.67972,                0.63196,                0.62469,                0.49488,                0.22317,                0.00785,                 4.9886,                      0,                0.62928,                0.82212,               0.001647,               0.001647,               0.001647
                     56,                0.00995,                 5.2061,                      0,                0.66092,                0.78646,                0.94535,                0.94088,                0.96376,                0.67047,                0.63678,                0.62721,                0.48429,                0.19995,                0.00788,                 5.0306,                      0,                 0.6209,                0.82104,              0.0016404,              0.0016404,              0.0016404
                     57,                0.00985,                 5.2485,                      0,                0.66186,                0.79387,                0.93743,                0.94088,                0.96294,                0.65573,                0.63473,                 0.6263,                0.50069,                 0.2229,                0.00847,                 5.0054,                      0,                0.63983,                0.83797,              0.0016337,              0.0016337,              0.0016337
                     58,                0.01011,                 5.2934,                      0,                0.67007,                0.79734,                0.93829,                0.94823,                 0.9637,                0.67687,                0.64021,                0.63533,                0.50432,                0.23402,                0.00808,                 4.9913,                      0,                 0.6326,                0.81821,               0.001627,               0.001627,               0.001627
                     59,                0.00967,                 5.1956,                      0,                0.65217,                0.77911,                 0.9387,                0.94368,                0.96073,                0.67292,                0.63456,                0.63346,                0.48996,                0.20585,                0.00782,                 4.9845,                      0,                0.64743,                0.81821,              0.0016204,              0.0016204,              0.0016204
                     60,                0.00973,                 5.1923,                      0,                0.65613,                0.79034,                 0.9388,                0.93705,                0.96072,                0.68114,                 0.6369,                0.62881,                0.49185,                0.23082,                 0.0078,                 4.9327,                      0,                0.64117,                0.82791,              0.0016137,              0.0016137,              0.0016137
                     61,                0.00997,                 5.1557,                      0,                0.65865,                0.79174,                0.93533,                0.93945,                0.95931,                0.68039,                0.63432,                0.63042,                0.48825,                0.22043,                0.00776,                 5.0033,                      0,                  0.624,                0.82192,              0.0016071,              0.0016071,              0.0016071
                     62,                0.01016,                 5.1805,                      0,                0.66459,                0.78302,                 0.9307,                0.93107,                0.96053,                0.64463,                0.62578,                0.62039,                0.49442,                0.20639,                0.00877,                 5.0746,                      0,                0.66133,                0.84425,              0.0016004,              0.0016004,              0.0016004
                     63,                0.00977,                 5.1829,                      0,                0.66511,                0.80281,                0.94369,                 0.9407,                0.96163,                0.66991,                0.64055,                0.63257,                0.50112,                0.21917,                  0.008,                 4.9699,                      0,                0.63588,                0.82211,              0.0015937,              0.0015937,              0.0015937
                     64,                0.00989,                 5.2025,                      0,                0.66153,                0.79065,                 0.9332,                0.93602,                0.95984,                0.64263,                0.63237,                0.62709,                0.50584,                0.22157,                0.00861,                 4.9974,                      0,                 0.6339,                0.83107,              0.0015871,              0.0015871,              0.0015871
                     65,                0.00941,                 5.1371,                      0,                0.64161,                0.79968,                0.94405,                0.93515,                0.96443,                0.69668,                0.64977,                0.63759,                0.52027,                0.24257,                0.00763,                 4.8832,                      0,                0.61108,                0.80818,              0.0015804,              0.0015804,              0.0015804
                     66,                0.00974,                 5.1103,                      0,                0.64977,                0.78457,                0.94428,                0.93804,                0.96588,                0.65278,                0.64321,                0.63454,                0.51204,                0.23778,                0.00854,                 4.9875,                      0,                0.63831,                0.83351,              0.0015738,              0.0015738,              0.0015738
                     67,                0.00982,                 5.1333,                      0,                 0.6458,                0.78876,                0.94353,                0.94231,                0.96497,                  0.651,                 0.6432,                 0.6383,                0.50307,                0.23795,                0.00839,                  4.912,                      0,                0.62286,                0.82365,              0.0015671,              0.0015671,              0.0015671
                     68,                 0.0095,                 5.1509,                      0,                0.63562,                0.78233,                0.93627,                0.94536,                0.96371,                0.68307,                0.63395,                  0.634,                0.49471,                0.21716,                0.00779,                 4.9501,                      0,                0.64104,                0.81342,              0.0015604,              0.0015604,              0.0015604
                     69,                0.00935,                 5.1065,                      0,                0.63107,                0.77177,                 0.9366,                0.94321,                0.96674,                0.70303,                0.64729,                 0.6383,                0.51691,                0.23118,                 0.0074,                 4.9093,                      0,                0.59718,                0.79303,              0.0015538,              0.0015538,              0.0015538
                     70,                0.00931,                 5.0902,                      0,                0.62858,                0.77109,                0.93424,                0.95378,                0.96374,                   0.68,                0.64122,                0.64457,                0.49405,                0.23197,                0.00781,                 4.8757,                      0,                0.63887,                 0.8037,              0.0015471,              0.0015471,              0.0015471
                     71,                0.00967,                 5.1015,                      0,                0.63655,                0.77384,                0.94904,                0.94423,                0.96782,                0.67047,                0.65147,                0.64135,                0.51551,                0.24046,                0.00787,                 4.8875,                      0,                0.61061,                0.80913,              0.0015405,              0.0015405,              0.0015405
                     72,                0.00922,                 5.1904,                      0,                0.64653,                0.79998,                0.93147,                0.92816,                0.95646,                0.68059,                0.62968,                0.62051,                0.49614,                   0.22,                0.00787,                 4.9854,                      0,                0.63713,                0.84749,              0.0015338,              0.0015338,              0.0015338
                     73,                0.00989,                 5.2262,                      0,                0.65818,                0.79093,                 0.9325,                0.92072,                0.95615,                0.52618,                0.64051,                0.61716,                0.48861,                0.19903,                0.01058,                 5.0788,                      0,                0.69643,                0.88943,              0.0015271,              0.0015271,              0.0015271
                     74,                0.01016,                 5.2992,                      0,                0.68031,                0.81092,                0.76035,                 0.7628,                0.80165,                0.42001,                0.50349,                0.47779,                0.34913,                0.10729,                0.01173,                 5.8687,                      0,                0.94118,                0.99153,              0.0015205,              0.0015205,              0.0015205
                     75,                0.01001,                 5.2174,                      0,                0.66979,                0.81088,                0.86973,                0.85005,                0.91285,                0.49392,                0.59705,                0.56091,                0.44661,                0.18189,                  0.011,                 5.2486,                      0,                0.81019,                0.92075,              0.0015138,              0.0015138,              0.0015138
                     76,                0.00996,                 5.2098,                      0,                0.67262,                0.82119,                0.88025,                 0.8746,                0.91523,                0.53165,                0.59712,                0.58707,                0.44547,                0.14885,                0.01051,                 5.3234,                      0,                0.84235,                0.91774,              0.0015072,              0.0015072,              0.0015072
                     77,                0.00956,                 5.1787,                      0,                0.66277,                 0.8124,                0.92696,                0.92153,                0.95498,                0.63902,                0.62596,                 0.6137,                0.47892,                0.20904,                0.00846,                  5.042,                      0,                0.65722,                0.85538,              0.0015005,              0.0015005,              0.0015005
                     78,                 0.0098,                  5.164,                      0,                0.66169,                0.79677,                0.92165,                0.93246,                0.95975,                0.66062,                0.62555,                0.62343,                0.47975,                0.20532,                0.00814,                 5.0322,                      0,                0.68556,                0.83085,              0.0014938,              0.0014938,              0.0014938
                     79,                0.00939,                 5.1066,                      0,                0.64968,                0.77765,                0.93844,                0.93479,                0.96278,                0.67335,                0.64509,                0.63562,                0.52033,                0.22085,                0.00803,                 4.9812,                      0,                0.62051,                0.81031,              0.0014872,              0.0014872,              0.0014872
                     80,                0.00941,                  5.114,                      0,                0.63957,                0.78623,                0.93828,                0.94124,                0.96222,                0.68802,                0.63888,                0.63526,                0.50919,                 0.2331,                 0.0076,                 4.9592,                      0,                0.60755,                0.80688,              0.0014805,              0.0014805,              0.0014805
                     81,                0.00961,                 5.1259,                      0,                0.64361,                 0.7716,                0.94788,                0.95128,                0.96896,                 0.7077,                0.64786,                0.64278,                 0.5203,                0.24986,                0.00744,                  4.858,                      0,                0.58997,                0.80444,              0.0014739,              0.0014739,              0.0014739
                     82,                0.00937,                  5.143,                      0,                0.63489,                0.77349,                0.93469,                0.95503,                0.96512,                0.63436,                0.63569,                0.64551,                0.51529,                0.25136,                0.00885,                 4.8655,                      0,                0.63284,                0.82282,              0.0014672,              0.0014672,              0.0014672
                     83,                0.00941,                 5.1183,                      0,                0.62656,                0.77078,                0.94693,                0.94303,                0.96727,                0.66133,                 0.6397,                0.63257,                0.49874,                0.21089,                0.00824,                 5.0147,                      0,                0.61273,                0.81482,              0.0014605,              0.0014605,              0.0014605
                     84,                0.00916,                 5.0904,                      0,                 0.6179,                0.76748,                0.94658,                 0.9536,                 0.9688,                0.72354,                0.64553,                0.64099,                0.51738,                 0.2498,                0.00714,                  4.847,                      0,                0.57285,                0.79256,              0.0014539,              0.0014539,              0.0014539
                     85,                0.00924,                 5.0799,                      0,                0.61192,                 0.7547,                0.94528,                0.94733,                0.96693,                0.71018,                0.64641,                0.63973,                0.51543,                0.24389,                 0.0074,                 4.8676,                      0,                 0.5791,                0.78855,              0.0014472,              0.0014472,              0.0014472
                     86,                0.00967,                 5.0767,                      0,                0.62805,                0.76213,                0.94514,                 0.9445,                0.96513,                0.69229,                 0.6422,                0.63955,                0.49248,                0.23839,                0.00744,                 4.8501,                      0,                0.59675,                0.80002,              0.0014406,              0.0014406,              0.0014406
                     87,                0.00935,                 5.0618,                      0,                0.62881,                0.78702,                0.93861,                0.94554,                0.96338,                0.68242,                0.63992,                0.64242,                 0.5115,                0.24475,                0.00781,                  4.842,                      0,                0.59527,                0.80871,              0.0014339,              0.0014339,              0.0014339
                     88,                0.00984,                 5.0459,                      0,                0.64023,                0.77371,                0.94195,                0.95353,                0.96764,                0.66376,                0.64284,                 0.6426,                0.51042,                0.22556,                0.00831,                 4.9224,                      0,                0.61201,                0.81487,              0.0014272,              0.0014272,              0.0014272
                     89,                0.00937,                 5.0664,                      0,                 0.6378,                0.78308,                0.94479,                 0.9588,                0.97203,                0.71012,                0.64443,                0.65048,                0.50593,                0.24647,                0.00722,                 4.8531,                      0,                0.60426,                0.78788,              0.0014206,              0.0014206,              0.0014206
                     90,                0.00931,                 5.0675,                      0,                0.62859,                0.77113,                0.94323,                0.94658,                0.97116,                0.68498,                   0.65,                0.64279,                0.52204,                0.25787,                0.00805,                 4.8142,                      0,                0.62379,                0.79205,              0.0014139,              0.0014139,              0.0014139
                     91,                0.00899,                 5.0981,                      0,                0.60689,                0.76591,                0.94475,                0.94715,                0.96578,                0.66425,                0.64749,                0.64242,                0.51469,                0.25014,                0.00825,                 4.8339,                      0,                 0.6508,                0.79972,              0.0014073,              0.0014073,              0.0014073
                     92,                 0.0093,                 5.0714,                      0,                0.62703,                0.77457,                0.95255,                 0.9458,                 0.9684,                0.72121,                0.64963,                0.64009,                0.52537,                0.25258,                0.00734,                  4.848,                      0,                0.58981,                0.78823,              0.0014006,              0.0014006,              0.0014006
                     93,                0.00885,                 5.1014,                      0,                0.60824,                0.76696,                0.94266,                0.95862,                0.97111,                 0.6985,                0.64672,                 0.6435,                0.52587,                0.25275,                0.00761,                 4.8579,                      0,                0.57957,                0.79062,              0.0013939,              0.0013939,              0.0013939
                     94,                0.00897,                 5.0286,                      0,                0.60043,                0.76441,                0.94882,                0.95718,                0.97052,                0.73627,                0.64809,                0.64314,                0.52272,                0.25243,                0.00698,                 4.8536,                      0,                0.56379,                0.77397,              0.0013873,              0.0013873,              0.0013873
                     95,                0.00862,                 4.9932,                      0,                 0.5993,                0.76499,                0.95286,                0.95503,                0.97364,                0.74027,                0.65532,                 0.6512,                0.52994,                0.26007,                0.00687,                 4.7874,                      0,                0.56569,                0.77223,              0.0013806,              0.0013806,              0.0013806
                     96,                0.00943,                 4.9913,                      0,                0.61069,                0.75176,                0.94676,                0.95342,                0.97048,                0.68341,                0.65162,                0.64938,                0.51366,                0.24089,                0.00775,                  4.839,                      0,                0.58611,                0.79086,               0.001374,               0.001374,               0.001374
                     97,                  0.009,                 4.9601,                      0,                0.60184,                0.75258,                0.95294,                0.95485,                0.97171,                0.72209,                0.65464,                0.65478,                 0.5345,                0.25396,                0.00728,                 4.8363,                      0,                0.57044,                0.77775,              0.0013673,              0.0013673,              0.0013673
                     98,                0.00879,                 4.9692,                      0,                0.59484,                 0.7597,                0.93655,                0.95458,                0.96762,                0.69291,                0.64229,                0.64672,                0.50602,                0.23253,                0.00752,                 4.8786,                      0,                0.61026,                0.79825,              0.0013606,              0.0013606,              0.0013606
                     99,                0.00892,                  4.968,                      0,                0.60232,                0.75691,                0.95053,                0.96046,                 0.9713,                 0.7367,                0.65342,                 0.6521,                 0.5268,                0.25987,                0.00693,                  4.784,                      0,                0.56907,                0.77122,               0.001354,               0.001354,               0.001354
                    100,                0.00906,                 4.9733,                      0,                0.59875,                0.74757,                0.94891,                0.96492,                0.97488,                0.72752,                0.65024,                0.65745,                0.53092,                0.25215,                0.00723,                 4.8099,                      0,                0.57201,                0.77899,              0.0013473,              0.0013473,              0.0013473
                    101,                0.00873,                 4.9385,                      0,                0.59335,                0.75903,                0.95197,                0.95518,                0.97319,                0.73635,                0.65103,                0.65711,                 0.5353,                0.26297,                0.00699,                 4.7918,                      0,                0.56343,                0.77287,              0.0013407,              0.0013407,              0.0013407
                    102,                0.00879,                 4.9848,                      0,                0.59937,                0.76991,                0.94877,                0.95884,                0.97282,                0.72942,                0.65049,                0.65568,                0.52615,                0.25385,                0.00694,                 4.8009,                      0,                0.56982,                0.77984,               0.001334,               0.001334,               0.001334
                    103,                0.00906,                 4.9883,                      0,                0.60609,                0.75918,                0.94902,                0.95844,                0.97009,                0.70103,                0.64749,                0.64758,                0.52242,                0.24995,                0.00768,                 4.8483,                      0,                0.58395,                0.79731,              0.0013273,              0.0013273,              0.0013273
                    104,                0.00897,                 5.0207,                      0,                0.59749,                0.77352,                0.94543,                0.95414,                0.97045,                0.68003,                0.65092,                0.65622,                0.51689,                0.24287,                0.00787,                 4.8102,                      0,                0.59502,                0.78971,              0.0013207,              0.0013207,              0.0013207
                    105,                0.00893,                 4.9276,                      0,                0.59111,                0.74635,                0.95002,                0.96358,                0.97435,                0.71628,                0.65415,                0.65389,                 0.5316,                0.26495,                0.00742,                 4.7717,                      0,                 0.5738,                0.77477,               0.001314,               0.001314,               0.001314
                    106,                0.00912,                 4.9307,                      0,                0.59906,                0.74897,                0.95503,                0.96095,                0.97407,                0.70097,                0.65369,                0.65568,                0.51827,                 0.2575,                0.00749,                 4.8005,                      0,                0.59808,                0.79151,              0.0013074,              0.0013074,              0.0013074
                    107,                0.00883,                 4.9491,                      0,                0.59268,                0.76031,                0.93849,                0.95387,                0.96686,                 0.7247,                0.64356,                0.65245,                0.52321,                0.25293,                0.00719,                 4.8022,                      0,                0.58273,                 0.7798,              0.0013007,              0.0013007,              0.0013007
                    108,                0.00883,                  4.957,                      0,                0.59211,                0.75328,                0.94905,                0.96453,                0.97438,                0.72746,                0.64978,                0.65801,                0.52681,                0.25852,                0.00702,                 4.7859,                      0,                0.57309,                0.77658,               0.001294,               0.001294,               0.001294
                    109,                0.00882,                 4.9347,                      0,                0.59345,                0.75663,                0.94951,                0.96007,                0.97462,                0.74312,                0.64864,                0.65351,                0.53639,                0.27056,                0.00696,                 4.7664,                      0,                0.55695,                 0.7688,              0.0012874,              0.0012874,              0.0012874
                    110,                0.00865,                 4.9779,                      0,                0.58737,                0.74793,                0.94994,                0.95859,                0.97348,                0.71029,                0.65679,                0.65245,                0.51873,                0.24972,                0.00739,                 4.7892,                      0,                0.58523,                0.77298,              0.0012807,              0.0012807,              0.0012807
                    111,                0.00868,                 4.9405,                      0,                0.58622,                0.74677,                0.95247,                0.96327,                0.97424,                 0.7326,                0.65095,                0.65115,                0.52024,                0.26413,                0.00701,                 4.7824,                      0,                0.56044,                0.76786,              0.0012741,              0.0012741,              0.0012741
                    112,                0.00883,                 4.9196,                      0,                0.58295,                0.74764,                0.95215,                 0.9661,                0.97422,                0.72153,                0.65135,                0.65711,                0.52834,                0.26598,                 0.0072,                 4.7671,                      0,                 0.5646,                0.77561,              0.0012674,              0.0012674,              0.0012674
                    113,                0.00876,                 4.9555,                      0,                 0.5889,                0.74819,                0.95143,                0.96256,                 0.9726,                0.73878,                0.65834,                0.66213,                0.52874,                0.25167,                 0.0069,                 4.7932,                      0,                0.56072,                0.76774,              0.0012607,              0.0012607,              0.0012607
                    114,                 0.0084,                 4.9676,                      0,                0.57855,                0.75029,                0.95151,                0.96327,                0.97124,                0.70773,                 0.6525,                0.65514,                0.52263,                0.25849,                0.00755,                 4.8152,                      0,                 0.5673,                0.78104,              0.0012541,              0.0012541,              0.0012541
                    115,                0.00861,                  4.946,                      0,                0.57856,                0.74006,                0.95438,                0.96684,                0.97458,                0.73945,                0.65124,                  0.655,                0.51912,                0.26119,                0.00683,                 4.7883,                      0,                0.55441,                0.77178,              0.0012474,              0.0012474,              0.0012474
                    116,                0.00904,                 4.9649,                      0,                0.59279,                0.73979,                 0.9535,                0.96604,                0.97293,                0.72952,                0.65551,                0.66159,                0.53574,                0.25987,                0.00711,                 4.7853,                      0,                0.56277,                0.77045,              0.0012408,              0.0012408,              0.0012408
                    117,                 0.0087,                 4.9204,                      0,                0.57835,                0.74626,                0.95224,                0.96437,                0.97327,                0.69705,                0.65102,                0.65478,                 0.5129,                0.26506,                0.00744,                 4.7634,                      0,                0.56609,                0.77501,              0.0012341,              0.0012341,              0.0012341
                    118,                0.00868,                 4.9277,                      0,                0.58064,                0.74634,                 0.9422,                0.95915,                0.97178,                0.68869,                0.64903,                0.65532,                0.51772,                0.24914,                0.00792,                 4.7941,                      0,                0.61111,                0.78902,              0.0012274,              0.0012274,              0.0012274
                    119,                0.00877,                 4.9231,                      0,                0.57767,                0.73997,                0.94871,                0.96763,                 0.9741,                0.73955,                0.64844,                 0.6555,                0.51664,                0.24871,                0.00686,                 4.8124,                      0,                0.57257,                0.77618,              0.0012208,              0.0012208,              0.0012208
                    120,                0.00908,                 4.9321,                      0,                0.61618,                0.75123,                0.94723,                0.95826,                0.96992,                0.72447,                0.64916,                0.65156,                0.52102,                0.25856,                0.00718,                 4.7773,                      0,                0.57392,                0.77454,              0.0012141,              0.0012141,              0.0012141
                    121,                0.00898,                 4.9331,                      0,                0.60133,                0.74973,                0.95881,                 0.9613,                0.97611,                0.72957,                0.65863,                0.65711,                0.53293,                0.26927,                0.00709,                 4.7617,                      0,                0.55949,                0.76957,              0.0012075,              0.0012075,              0.0012075
                    122,                0.00856,                 4.9081,                      0,                0.58753,                0.75006,                 0.9526,                0.95776,                0.97276,                  0.728,                0.64856,                0.64798,                0.53696,                0.27909,                0.00716,                 4.7653,                      0,                0.56069,                0.76842,              0.0012008,              0.0012008,              0.0012008
                    123,                0.00855,                 4.9227,                      0,                0.58531,                0.74719,                0.95501,                0.95831,                0.97149,                0.73918,                0.65618,                0.65166,                0.53083,                0.27184,                0.00681,                 4.7557,                      0,                0.55726,                0.76474,              0.0011941,              0.0011941,              0.0011941
                    124,                0.00881,                 4.9474,                      0,                0.60258,                0.74145,                0.95624,                0.95133,                0.97019,                0.72712,                0.65509,                0.65125,                0.54516,                0.27776,                0.00722,                 4.7683,                      0,                0.58134,                0.77337,              0.0011875,              0.0011875,              0.0011875
                    125,                0.00856,                 4.9219,                      0,                0.59752,                0.75926,                0.95441,                0.96018,                0.97353,                0.74158,                0.65809,                0.65657,                0.53969,                0.27106,                0.00682,                 4.7684,                      0,                0.57192,                0.76555,              0.0011808,              0.0011808,              0.0011808
                    126,                0.00829,                 4.9177,                      0,                0.57685,                0.73718,                0.95926,                0.96525,                0.97688,                0.75919,                0.65962,                0.66374,                 0.5416,                 0.2734,                0.00657,                  4.747,                      0,                0.53855,                0.76104,              0.0011742,              0.0011742,              0.0011742
                    127,                0.00877,                 4.9212,                      0,                0.57692,                0.73551,                 0.9539,                 0.9676,                0.97549,                0.75291,                0.65398,                0.65908,                0.53111,                0.27223,                0.00663,                   4.75,                      0,                0.54372,                0.76128,              0.0011675,              0.0011675,              0.0011675
                    128,                 0.0088,                 4.9098,                      0,                0.56401,                0.72491,                0.95587,                0.96775,                0.97272,                0.74937,                0.65498,                0.65496,                0.54041,                0.28459,                0.00682,                 4.7496,                      0,                0.53968,                0.77187,              0.0011608,              0.0011608,              0.0011608
                    129,                0.00847,                 4.9136,                      0,                 0.5696,                0.73446,                0.95555,                0.96972,                0.97479,                0.75738,                0.65723,                0.66338,                 0.5393,                0.26957,                0.00658,                 4.7528,                      0,                0.54005,                0.76034,              0.0011542,              0.0011542,              0.0011542
                    130,                0.00815,                 4.8978,                      0,                0.56253,                0.74653,                 0.9519,                0.96797,                0.97625,                0.73502,                0.65642,                0.66105,                0.53679,                0.26867,                0.00693,                 4.7463,                      0,                0.55159,                0.76284,              0.0011475,              0.0011475,              0.0011475
                    131,                0.00845,                 4.8844,                      0,                 0.5648,                0.74424,                0.95418,                0.95915,                0.97518,                 0.7548,                0.65081,                0.65776,                0.54159,                0.27649,                 0.0068,                 4.7488,                      0,                0.53995,                0.76581,              0.0011409,              0.0011409,              0.0011409
                    132,                0.00915,                 4.9032,                      0,                0.57964,                0.72191,                 0.9538,                0.96704,                0.97657,                0.74477,                0.65454,                0.65986,                0.53568,                0.27309,                0.00681,                 4.7477,                      0,                0.54936,                0.77725,              0.0011342,              0.0011342,              0.0011342
                    133,                0.00844,                 4.9116,                      0,                0.57608,                0.75057,                0.95222,                0.94963,                 0.9714,                 0.6999,                0.65517,                0.65102,                 0.5305,                  0.255,                0.00773,                 4.8225,                      0,                0.58915,                0.78187,              0.0011275,              0.0011275,              0.0011275
                    134,                0.00881,                 4.9313,                      0,                0.57418,                0.74451,                0.95407,                0.96381,                0.97475,                0.74776,                0.65548,                0.66022,                0.52868,                0.25839,                 0.0067,                 4.7703,                      0,                0.53976,                0.76609,              0.0011209,              0.0011209,              0.0011209
                    135,                0.00824,                  4.951,                      0,                0.57553,                0.75423,                0.95172,                0.95951,                0.97351,                0.70664,                0.65088,                0.64618,                0.53008,                0.26077,                0.00758,                 4.8344,                      0,                0.56833,                 0.7848,              0.0011142,              0.0011142,              0.0011142
                    136,                0.00851,                 4.9525,                      0,                0.57243,                0.75008,                0.95409,                0.96046,                0.97402,                 0.6955,                0.65776,                 0.6528,                0.53509,                 0.2695,                0.00778,                  4.779,                      0,                0.57095,                0.77821,              0.0011076,              0.0011076,              0.0011076
                    137,                0.00858,                 4.9391,                      0,                0.57098,                0.73732,                0.95609,                0.96339,                0.97583,                0.74535,                0.65442,                0.65622,                0.53185,                0.26072,                0.00676,                 4.7916,                      0,                0.55277,                0.76034,              0.0011009,              0.0011009,              0.0011009
                    138,                0.00834,                 4.9161,                      0,                0.55427,                0.72828,                0.95874,                0.96077,                0.97639,                0.75507,                0.66178,                0.65934,                0.54474,                0.26582,                0.00653,                 4.7661,                      0,                0.53446,                0.75693,              0.0010942,              0.0010942,              0.0010942
                    139,                0.00813,                 4.9051,                      0,                0.55638,                0.74284,                0.95842,                0.96345,                0.97644,                0.75006,                0.66144,                 0.6587,                0.54194,                 0.2774,                 0.0068,                 4.7535,                      0,                0.54214,                0.76566,              0.0010876,              0.0010876,              0.0010876
                    140,                0.00816,                 4.9489,                      0,                0.54883,                0.74871,                0.95579,                0.96835,                0.97629,                0.70794,                0.65299,                 0.6546,                0.53124,                0.27508,                0.00748,                 4.7702,                      0,                0.56048,                0.79156,              0.0010809,              0.0010809,              0.0010809
                    141,                0.00849,                 4.9657,                      0,                0.56515,                0.75023,                0.92034,                0.93049,                0.95926,                0.69196,                0.63311,                0.63759,                0.50991,                  0.227,                0.00779,                 4.8975,                      0,                0.62354,                0.80133,              0.0010743,              0.0010743,              0.0010743
                    142,                0.00821,                 4.9358,                      0,                0.55634,                0.74636,                0.94598,                0.95681,                0.97418,                0.73124,                0.64997,                0.65389,                0.52676,                 0.2562,                0.00698,                 4.7771,                      0,                0.55879,                 0.7691,              0.0010676,              0.0010676,              0.0010676
                    143,                0.00883,                 4.8919,                      0,                0.56709,                0.72512,                0.95316,                0.95152,                0.97197,                0.74176,                0.65564,                0.65013,                 0.5077,                 0.2517,                0.00667,                 4.7751,                      0,                0.56244,                0.76491,              0.0010609,              0.0010609,              0.0010609
                    144,                0.00866,                 4.9071,                      0,                 0.5686,                0.72738,                0.95487,                0.95898,                0.97428,                0.74648,                 0.6552,                0.65371,                0.51469,                 0.2661,                0.00666,                 4.7433,                      0,                0.53819,                  0.765,              0.0010543,              0.0010543,              0.0010543
                    145,                 0.0086,                 4.8938,                      0,                0.57028,                0.72462,                0.94813,                0.96399,                0.97312,                0.74513,                0.65012,                 0.6564,                0.51954,                 0.2644,                0.00659,                 4.7643,                      0,                0.54405,                0.76525,              0.0010476,              0.0010476,              0.0010476
                    146,                0.00843,                 4.8845,                      0,                 0.5616,                0.73262,                0.95484,                0.96583,                0.97628,                0.74377,                0.65347,                0.65708,                0.50224,                0.24898,                0.00661,                 4.7764,                      0,                0.54475,                0.76116,               0.001041,               0.001041,               0.001041
                    147,                0.00818,                 4.8942,                      0,                0.55525,                0.74468,                0.95272,                0.96865,                0.97736,                  0.755,                0.65837,                0.66464,                0.51718,                0.25388,                0.00649,                 4.7628,                      0,                0.53426,                0.76077,              0.0010343,              0.0010343,              0.0010343
                    148,                0.00828,                 4.8528,                      0,                0.55596,                0.72522,                 0.9545,                0.96722,                0.97572,                0.75437,                0.66029,                0.66052,                0.50968,                0.26108,                0.00646,                 4.7331,                      0,                0.53267,                0.76309,              0.0010276,              0.0010276,              0.0010276
                    149,                 0.0084,                 4.8551,                      0,                0.55592,                0.72973,                0.95609,                0.96737,                0.97625,                0.75488,                0.65766,                0.66195,                0.51089,                0.26521,                0.00648,                  4.729,                      0,                0.53225,                0.75642,               0.001021,               0.001021,               0.001021
                    150,                0.00843,                 4.8825,                      0,                 0.5627,                0.73035,                0.95396,                 0.9613,                0.97646,                0.70462,                0.66078,                0.66444,                0.51841,                0.24802,                0.00756,                 4.7766,                      0,                 0.5727,                 0.7736,              0.0010143,              0.0010143,              0.0010143
                    151,                0.00866,                 4.8703,                      0,                0.56921,                0.73195,                0.96088,                0.96435,                0.97709,                0.75956,                0.66095,                0.66302,                0.52242,                0.25687,                0.00647,                  4.748,                      0,                0.53121,                0.75785,              0.0010077,              0.0010077,              0.0010077
                    152,                0.00837,                 4.9146,                      0,                0.56058,                0.73076,                0.95792,                0.96644,                0.97724,                0.74892,                0.65867,                0.65872,                0.53065,                0.27428,                0.00675,                 4.7494,                      0,                0.53688,                0.75763,               0.001001,               0.001001,               0.001001
                    153,                0.00816,                 4.8932,                      0,                0.54962,                0.73146,                0.95444,                0.96455,                0.97582,                0.75967,                 0.6544,                0.65765,                0.51661,                 0.2522,                0.00641,                 4.7964,                      0,                0.53144,                0.75698,             0.00099434,             0.00099434,             0.00099434
                    154,                 0.0084,                  4.891,                      0,                0.55546,                0.72307,                0.95439,                0.97455,                0.97636,                0.75016,                0.65816,                0.66535,                0.52163,                0.26575,                0.00658,                 4.7339,                      0,                0.53018,                0.75548,             0.00098768,             0.00098768,             0.00098768
                    155,                0.00825,                  4.867,                      0,                  0.557,                0.73028,                0.95544,                0.96807,                0.97429,                0.75367,                0.65567,                0.66281,                0.52281,                0.27231,                0.00653,                 4.7331,                      0,                0.53131,                0.75482,             0.00098102,             0.00098102,             0.00098102
                    156,                0.00817,                 4.8923,                      0,                0.55251,                0.73189,                0.95619,                 0.9698,                  0.977,                0.75929,                0.65527,                0.66034,                0.52966,                0.27384,                0.00655,                  4.739,                      0,                0.52997,                0.75865,             0.00097436,             0.00097436,             0.00097436
                    157,                0.00809,                 4.8421,                      0,                0.55933,                0.73951,                 0.9597,                0.96404,                0.97646,                0.74209,                 0.6606,                0.66181,                0.51757,                0.26242,                0.00678,                 4.7371,                      0,                0.54095,                0.75855,              0.0009677,              0.0009677,              0.0009677
                    158,                 0.0084,                 4.8483,                      0,                 0.5642,                0.73316,                0.94889,                 0.9665,                0.97433,                0.75805,                0.65196,                0.65872,                0.52633,                0.27119,                0.00656,                 4.7434,                      0,                 0.5365,                 0.7536,             0.00096104,             0.00096104,             0.00096104
